51,75.09,80.23
55,88.42,80.42
63,52.87,79.05
70.29,45.07,80.15
72.26,88.42,80.42
73.71,75.09,80.23
76.69,38.39,80.07
80.17,45.88,80.49
82.67,105.81,80.38
83.65,75.02,79.2
84.23,52.87,79.05
85.12,47.23,78.66
85.12,47.23,78.17
85.12,44,77.75
89.35,114.04,84.57
89.95,37.86,84.38
90.63,37.56,83.93
91.1,39.24,83.35
91.92,11.29,86.52
92.09,11.06,86.56
92.71,11.82,86.71
92.97,12.65,86.78
93.53,21.62,86.86
94.05,32.69,86.82
94.29,25.24,86.75
94.54,20.1,86.78
94.79,16.62,86.94
95.61,34.61,86.94
96.19,42.74,87.09
96.81,33.56,87.17
97.61,44.26,87.28
98.54,55.57,87.28
99.67,22.27,87.39
99.9,18.75,87.39
100.08,15.61,87.43
100.27,13.58,87.47
100.53,13.52,87.51
101.3,15.39,87.7
101.54,15.06,87.74
101.96,19.26,87.7
102.31,20.17,87.74
102.72,22.26,87.74
103.13,24.62,87.85
103.38,21.31,87.93
103.6,18.11,87.89
103.87,17.14,87.93
104.06,14.67,88
104.32,14.02,88.04
104.59,15.04,88.08
104.84,14.6,88.12
105.33,15.31,88.39
105.73,17.83,88.27
105.93,15.57,88.27
106.06,18.77,88.27
106.3,15.08,88.35
106.71,11.89,88.42
107.15,16.51,88.54
108.05,26.78,88.65
109.17,23.17,88.88
109.37,17.44,88.92
109.56,14.51,88.92
109.74,12.98,88.92
109.91,11.75,89
110.09,11.36,89
110.94,7.64,89.19
110.94,7.64,89.38
111.37,21.15,89.38
111.43,15.46,89.49
111.56,12.96,89.49
111.68,11.5,89.57
111.82,9.29,89.49
111.99,10.58,89.49
112.15,8.59,89.53
112.46,10.26,89.57
112.65,11.45,89.64
112.85,12.26,89.68
113.06,13.1,89.76
113.22,13.16,89.8
113.68,16.69,89.8
113.68,16.69,89.8
113.68,16.69,89.83
114.32,18.25,89.83
114.36,12.61,89.99
114.91,24.44,89.99
116.21,143.74,90.14
116.97,51.51,90.02
117.32,32.5,90.18
117.55,23.31,90.14
117.76,18.16,90.18
118,15.34,90.22
118.25,13.97,90.25
118.52,14.56,90.25
118.76,15.07,90.29
118.97,14.5,90.29
119.18,14.15,90.25
119.38,13.6,90.22
119.61,12.88,90.14
119.9,13.65,90.1
120.27,16.44,90.18
120.56,18.55,90.18
120.8,18.35,90.18
120.97,15.9,90.18
121.18,14.15,90.22
121.34,12.92,90.25
121.57,11.94,90.33
122.23,16.03,91.4
123.28,69.05,91.02
124.18,56.26,91.32
124.68,36.3,91.63
125.11,28.47,91.7
125.67,28.95,91.78
126.18,32.17,91.89
126.7,31.29,91.97
127.62,27.77,92.08
128.06,26.5,92.2
128.41,23.44,92.27
128.84,23.29,92.35
129.27,26.13,92.43
129.64,24.1,92.54
130.05,24.1,92.66
130.44,23.14,92.77
130.84,23.78,92.85
131.23,25.03,92.96
131.58,22.49,93
131.95,22.25,93.04
132.28,20.79,93.11
132.65,20.92,93.23
133.1,23.15,93.3
133.72,32.75,93.46
134.21,32.74,93.57
134.79,32.44,93.61
134.81,32.13,93.72
134.91,32.75,91.82
135.22,27.33,93
135.39,20.92,93.46
135.49,16.54,93.38
135.57,12,93.53
135.57,10,93.53
135.66,8.29,93.57
135.97,6.83,93.72
136.05,6.13,93.8
136.67,4.36,94.71
138.23,15.12,95.66
138.27,15.52,95.66
139.28,16.53,95.7
140.35,27.36,95.62
141.36,115.33,96.66
142.37,118.41,96.66
143.42,111.18,96.7
144.43,98.54,97.62
145.44,53.23,97.66
146.45,23.84,97.66
147.46,19.37,97.66
148.47,48.03,98.62
149.48,40.65,98.66
150.49,57.49,98.66
151.5,58.55,98.66
152.53,52.43,98.62
153.54,35.28,99.7
154.55,21.86,98.62
154.55,21.86,98.54
155.56,32.26,98.41
156.56,36.39,98.53
157.57,22.02,98.56
158.58,49,98.6
159.63,211.22,98.6
160.68,163.55,98.53
161.74,189.99,98.53
162.74,82.7,98.53
163.75,56.68,98.53
164.76,56.62,97.96
165.77,55.74,98.41
166.78,59.65,98.6
167.79,57.78,98.79
168.8,58.59,98.83
169.81,59.62,98.76
176,62.65,98.72
177.05,156.53,98.87
178.08,122.13,99.1
179.09,119.69,99.18
180.2,201.49,99.21
181.25,157.28,99.25
182.26,124.1,99.18
183.33,44.1,99.9
184.34,70.86,99.98
185.35,66.77,100.05
186.36,68.18,100.17
187.37,69.13,100.01
188.38,80.72,100.05
189.39,69.19,100.09
190.4,67.92,100.05
191.43,76.87,100.05
192.44,61.85,99.79
193.45,77.34,100.09
194.46,69.57,100.62
195.47,55.74,100.62
196.48,64.12,100.59
197.49,38.02,100.7
198.49,64.26,100.7
199.5,40.66,100.89
200.51,46,100.85
201.52,27.95,100.89
202.53,23.26,100.78
203.54,38.82,99.79
204.55,66.56,99.63
205.56,42.12,99.75
206.57,37.21,99.98
207.58,60.55,101.08
208.59,54.85,101.84
209.6,65.14,102.57
210.61,48.59,102.95
211.62,38.31,103.18
212.63,56.74,103.29
213.64,64.07,103.37
214.64,69.01,103.45
215.65,49.25,103.52
216.66,27.54,103.86
217.67,50.73,103.98
218.68,24.29,104.36
219.69,22.72,104.74
220.7,27.41,105.12
221.71,27.65,105.47
222.72,21.31,105.12
223.73,18.26,104.67
224.74,18.36,105.01
225.75,16.38,105.16
226.76,20.8,106.04
227.77,22.57,105.12
228.78,18.98,105.24
229.78,18.86,105.69
230.79,24.65,105.39
231.8,21.05,105.54
232.81,22.72,105.47
233.82,23.19,105.43
234.83,29.24,105.47
235.84,18.96,105.35
236.85,21.69,105.28
237.86,22.86,108.44
238.87,21.16,109.47
239.88,18.44,109.77
240.89,16.93,110
241.9,15.27,110.5
242.91,16.52,111.15
243.92,21.31,111.18
244.93,30.54,111.34
245.93,19.4,111.11
246.94,16.26,110.42
247.95,37.46,110.19
248.96,37.13,110.27
249.99,34.16,110.23
251,55.74,110.31
252.01,55.57,110.16
253.02,53.91,110
254.03,46.03,109.96
255.04,38.75,109.96
256.05,27.61,110.04
257.06,29.98,109.93
258.07,27.38,110
259.08,29.25,110.08
260.09,19.94,110.04
261.1,27.38,110.35
262.11,38.78,110.5
263.11,35.23,110.73
264.12,39.22,110.96
265.13,33.5,111.07
266.14,29.46,111.26
267.15,30.81,111.45
268.18,54.97,111.38
269.19,38.31,111.64
270.2,47.95,111.79
271.21,59.43,111.87
272.22,58.57,111.87
273.23,61.62,111.91
274.24,45.51,112.1
275.25,61.61,112.21
276.26,61.6,112.25
277.27,33.17,112.18
278.28,17.69,112.56
279.29,17.2,112.86
280.29,18.7,113.01
281.3,22.02,113.24
282.31,19.97,113.59
283.32,17.29,113.85
284.33,15.31,114.12
285.34,15.2,114.46
286.35,20.18,114.58
287.36,47.23,114.84
288.37,49.28,114.96
289.38,37.1,114.88
290.39,44.86,115.19
291.4,40.13,115.26
292.41,25.04,115.26
293.42,17,115.38
294.43,19.83,115.61
295.44,26.57,116.03
296.44,36.77,115.07
297.45,34.15,115.61
298.46,65.18,115.65
299.47,29.51,115.72
300.48,23.15,115.95
301.49,20.67,115.87
302.5,22.43,116.14
303.51,24.82,116.18
304.52,27.18,116.26
305.53,26.14,116.29
306.54,20.08,116.37
307.55,23.47,116.64
308.56,23.29,116.9
309.57,37.14,117.06
310.58,49.24,117.17
311.59,31.12,117.25
312.59,28.52,117.44
313.6,30.83,117.63
314.61,38.34,117.7
315.62,33.82,117.86
316.63,26.96,117.97
317.64,23.96,118.16
318.65,27.17,118.31
319.66,35.25,118.47
320.67,37.52,118.58
321.68,25.74,118.77
322.69,31.94,118.35
323.7,39.67,118.47
324.71,42.05,117.51
325.72,32.24,119.19
329,31.17,119.34
330.01,37.89,118.66
331.02,43.48,118.92
332.05,56.81,119.04
333.06,54.78,119.08
334.07,53.93,119
335.08,57.48,119.23
336.09,60.56,119.27
337.1,43.66,119.31
338.1,45.4,119.46
339.11,49.99,119.53
340.12,59.58,119.61
341.13,30.5,119.69
342.14,33.21,119.8
343.15,31.94,119.99
344.16,28.72,119.99
345.17,29,120.26
346.18,30.27,120.03
347.19,32.55,120.33
348.2,31.66,120.26
349.21,23.43,120.3
350.22,26.02,120.37
351.23,35.56,120.53
352.24,48.57,120.56
353.25,51.51,120.64
354.25,35.57,120.87
355.26,40.11,120.98
356.27,49.49,121.02
357.28,54.78,121.1
358.29,56,121.14
360,57.94,121.02
361.01,57.58,120.68
362.02,39.24,120.94
363.03,36.73,121.14
364.04,31.08,121.36
365.05,25.54,121.59
366.06,30.29,121.63
367.07,37.96,121.75
368.08,42.1,121.86
369.08,32.29,122.09
370.09,20.79,122.28
371.1,19.07,122.39
372.11,20.42,122.55
373.12,18.36,122.85
374.13,20.29,123.08
375.14,23.63,123.27
376.15,18.35,123.5
377.16,19.19,123.69
378.17,17.82,123.99
379.18,16.03,124.22
380.19,19.6,124.38
381.2,17.78,124.64
382.21,41.62,124.68
383.22,36.33,124.87
384.22,20.08,125.02
385.23,18.87,125.21
386.24,17.8,125.29
387.25,20.67,125.18
390,18.76,125.14
391.01,19.86,123.27
392.02,17.64,123.46
393.03,14.81,123.77
394.04,14.55,123.99
395.05,21.59,124.19
396.06,24.72,124.41
397.07,33.68,124.57
398.08,56.69,124.6
399.08,37.62,124.72
400.09,15.87,124.91
401.1,26.79,125.02
402.11,37.14,125.1
403.12,18.08,125.44
404.13,12.64,125.67
405.14,16.8,125.9
406.15,12.39,126.17
407.16,13.48,126.4
408.17,13.8,126.66
409.18,13.42,126.82
410.19,10.93,127.12
411.2,7.9,127.46
412.21,9.2,127.85
413.22,12.94,128.11
414.22,13.05,128.34
415.23,13.27,128.57
416.24,12.87,128.76
417.25,11.75,129.03
418.26,10.09,129.29
419.27,14.23,129.52
420.28,16.15,129.68
423,15.34,129.83
424.01,29.02,128.49
425.02,14.39,129.26
426.03,19.71,129.68
427.04,30.5,129.83
428.05,21.42,130.06
429.06,22.24,129.94
430.07,26.76,130.09
431.08,48.59,130.29
432.08,53.12,130.44
433.09,47.93,130.44
434.1,51.52,130.44
435.11,46.6,130.78
436.12,45.35,130.93
437.13,47.88,131.01
438.14,47.26,130.86
439.15,39.71,130.82
440.16,48.59,131.16
441.17,43.09,131.39
442.18,22.11,131.31
443.19,26.13,131.66
444.2,41.54,131.54
445.21,46.54,131.77
446.22,47.21,131.85
447.22,37.05,131.89
448.23,25.74,132.19
449.24,45.94,132.12
450.25,44.25,132.19
451.26,25.37,132.34
452.27,26.1,132.34
453.28,40.16,132.19
454.29,108.37,130.63
455.3,55.98,131.39
456.31,53.02,131.73
457.32,73.64,132.04
458.33,81.4,132.12
459.42,180.54,132.19
460.43,181.69,132.23
461.54,348.22,132.23
462.59,401.41,132.23
463.62,353.64,132.27
464.67,124.77,132.46
465.68,175.91,132.61
466.77,289.47,132.61
467.82,440.01,132.65
468.9,458.74,132.69
469.99,377.12,132.65
471,231.64,132.53
472.01,116.05,132.46
473.02,98.79,132.38
474.02,86.68,132.42
475.03,38.84,132.5
476.04,30.85,132.92
477.05,25.48,132.88
478.1,48.65,132.95
479.13,194.83,132.92
480.27,183.7,132.92
481.28,246.35,132.92
482.29,125.1,130.74
483.31,153,130.86
484.39,261.17,130.7
485.42,390.3,130.7
486.51,311.32,130.82
487.52,164.47,130.9
488.59,146.47,130.93
489.62,195.79,130.97
490.65,185.54,131.24
491.66,41.57,132.04
492.71,66.76,132.46
493.72,62.74,132.73
494.73,80.98,132.92
495.76,85.79,132.99
496.77,37.67,133.18
497.78,37.11,133.11
498.79,35.42,133.26
499.79,32.46,133.45
500.8,28.3,133.79
501.81,33.43,133.83
502.82,32.78,133.95
503.83,47.65,133.98
504.84,26.12,134.02
505.85,46.39,134.06
506.88,63.5,134.1
507.91,72.3,134.25
508.92,69.5,134.29
509.93,57.88,134.33
510.96,154.19,134.4
511.97,37.16,134.36
514,37.16,134.33
515.01,93.29,131.96
516.02,62.81,132.12
517.05,76.55,132.34
518.06,122.93,132.57
519.07,65.27,133.37
520.08,75.04,133.87
521.11,54.99,134.14
522.12,32.24,134.48
523.13,31.97,134.59
524.14,67.55,134.71
525.15,37.94,134.59
526.16,44.16,134.48
527.17,50.72,134.59
528.19,33.21,134.63
529.2,43.73,134.59
530.21,71.97,134.48
531.22,32.61,134.25
532.23,34.22,134.36
533.28,58.88,134.4
534.29,104.48,134.48
535.3,47.98,134.67
536.31,81.41,134.63
537.32,80.24,134.67
538.37,123.61,134.63
539.4,67.69,134.71
540.41,50.8,134.59
541.42,127.63,134.67
542.43,93.31,134.78
543.44,168.49,134.75
544.45,103.55,123.8
545.48,84.08,125.98
546.49,31.43,126.82
547.5,34.9,128.87
548.51,51.6,130.09
549.52,65.13,130.51
550.58,123.94,130.78
551.59,82.24,131.12
552.6,85.44,131.16
553.63,62.93,131.2
554.66,103.42,131.28
555.67,44.28,131.24
556.68,65.16,131.12
557.69,27.17,130.86
558.7,35.23,131.16
559.71,21.22,131.47
560.72,37.55,131.62
561.73,22.28,131.73
562.74,25.4,131.85
563.75,95.16,131.85
564.76,50.89,132.19
565.77,35.57,132.53
566.78,41.13,132.69
567.79,17.7,132.65
568.8,22.88,133.14
569.81,23.65,133.37
570.83,20.79,133.68
571.84,18.18,133.79
572.85,36.8,133.91
573.86,39.28,134.06
574.87,30.31,134.1
575.88,22.15,134.1
576.89,21.59,134.17
577.9,18.88,134.59
578.91,53.11,133.03
579.92,46.72,133.6
580.93,34.25,134.33
581.94,69.14,134.52
582.95,53.49,134.63
583.96,45.97,134.67
584.97,38.01,134.94
585.99,53.13,134.97
587,53.87,134.94
588.03,90.64,135.01
589.04,55.63,135.13
590.05,50.06,135.32
591.06,35.61,135.39
592.07,38.83,135.43
593.08,93.33,135.47
594.09,43.21,135.58
595.14,99.08,135.78
596.15,43.18,135.78
597.16,51.64,135.93
598.17,114.51,135.85
599.18,191.6,135.85
600.23,89.8,135.85
601.24,123.29,135.93
602.25,93.29,135.97
603.26,69.08,136.08
604.27,45.45,136.12
605.28,50.97,136.31
606.29,47.89,136.39
607.31,44.33,136.42
608.32,50.15,136.46
610,31.43,136.58
611.01,37.57,134.59
612.04,188.84,134.71
613.07,135.74,134.82
614.1,159.51,134.9
615.13,48.31,135.39
616.14,84.09,135.85
617.15,46.72,135.66
618.16,62.98,135.93
619.17,56.62,135.85
620.18,43.16,136.12
621.19,90.92,136.19
622.2,90.49,136.35
623.21,80.24,136.42
624.22,43.74,136.39
625.24,31.22,136.54
626.25,35.58,136.42
627.26,22.02,136.23
628.27,26.59,136.27
629.28,16.85,136.31
630.29,17.39,136.77
631.3,17.19,136.46
632.31,16.7,136.61
633.32,13.56,137.87
634.33,22.02,138.37
635.34,16,138.06
636.35,16.87,138.14
637.37,19.65,138.6
638.38,19.32,138.71
639.39,19.87,139.05
640.4,22.02,139.17
642,26,139.05
643.01,67.85,137.34
644.02,40.18,137.68
645.03,32,138.25
646.04,37.8,138.71
647.05,37.91,138.98
648.06,27.4,139.02
648.06,27.4,139.02
649.07,38.85,139.13
650.09,52.51,139.13
651.1,40.66,139.13
652.11,68.17,139.13
653.12,27.41,139.21
654.13,25.29,139.21
655.14,26.42,139.17
656.15,30.31,139.44
657.16,20.98,139.28
658.17,24.72,139.47
659.18,28.34,139.63
660.19,26.16,139.51
661.2,23.8,139.82
662.21,22.61,139.82
663.23,16.23,139.93
664.24,12.49,139.47
665.25,22.46,140.08
666.26,24.17,140.31
667.27,32.64,140.2
668.28,24.19,140.27
669.29,23.18,140.2
670.3,29.58,140.43
671.31,31.74,140.46
672.34,72.13,140.43
673.35,60.62,140.58
674.39,49.67,133.22
675.4,39.73,138.22
676.41,23.7,138.71
677.42,26.4,139.47
678.44,29.07,139.63
679.45,46.13,139.7
680.46,21.55,139.85
681.47,20.09,140.2
682.48,22.74,140.66
683.49,27.65,140.62
684.5,30,140.88
685.51,65.15,140.85
686.52,51.56,140.88
687.53,49.33,141.04
688.54,50.83,140.85
689.55,46.72,141
690.58,51.83,141.07
691.59,37.14,141.07
692.61,23.52,141.49
693.62,28.1,141.04
694.63,42.16,141.46
695.64,33.91,141.27
696.65,28.11,141.23
697.66,18.89,140.81
698.67,18.88,140.77
699.68,18.48,141.23
700.69,20.83,141.15
701.7,25.24,141.15
702.71,31.7,140.73
703.73,25.06,141.49
704.74,16.39,141.53
706,15.02,141.34
707.01,19.41,136.23
708.02,16.38,138.6
709.03,13.14,139.85
709.03,13.14,139.85
710.04,19,140.27
711.05,21.47,140.66
712.07,19.29,140.92
713.08,24.01,140.77
714.09,39.62,140.96
715.1,43.82,141.11
716.11,41.63,141.23
717.12,47.36,141.42
718.13,35.66,141.19
719.14,38.37,140.66
720.15,32.95,140.81
721.16,38.45,141.19
722.17,35.61,141
723.18,35.37,141.34
724.19,33.44,141.61
725.21,33.4,141.91
726.22,34.89,141.42
727.23,35.3,141.68
728.24,34.55,141.76
729.25,27.04,142.14
730.26,28.1,141.72
731.27,20.96,141.88
732.28,17.56,142.26
733.29,14.4,141.95
734.3,13.54,141.95
735.31,14.58,141.8
736.33,19.44,141.57
737.34,19.97,134.36
738.35,16.86,136.31
739.36,24.91,137.8
740.37,21.6,138.22
741.38,18.7,138.94
742.39,19.1,138.86
743.4,24.87,138.9
744.41,22.17,139.02
745.42,41.18,139.21
746.43,22.92,139.13
747.45,28.57,139.24
748.46,19.31,139.97
749.47,29,139.24
750.48,35.7,139.7
751.51,41.03,139.4
752.52,36.57,139.93
753.53,40.89,139.97
754.54,37.38,139.4
755.55,35.47,139.51
756.56,39.06,138.9
757.57,38.95,141.99
758.59,35.48,141.72
759.6,30.75,141.46
760.61,33.05,141.3
761.62,36.97,140.58
762.65,47.28,140.2
763.66,45.74,140.05
764.67,41.4,140.27
765.68,32.69,140.62
766.69,34.29,140.77
767.7,29.3,140.27
769,37.98,140.73
770.01,65.2,139.21
771.02,41.1,139.7
772.03,34.95,141.88
773.04,42.15,142.56
774.05,35.3,142.68
775.06,13.93,142.79
776.07,9.56,142.45
777.08,10.34,141.76
778.09,19.67,141.07
779.1,25.83,140.81
780.11,29.08,141.07
781.12,33.92,140.77
782.13,31.76,140.12
783.15,30.87,140.08
784.16,29.6,139.7
785.17,22.19,140.81
786.18,14.19,140.46
787.19,17.03,140.08
788.2,15.43,140.2
789.21,17.39,139.85
790.22,9.77,140.39
791.23,15.37,140.24
792.24,17.1,140.05
793.25,20.81,139.82
794.27,24.87,139.85
795.28,38.38,139.74
796.29,23.67,139.66
797.3,24.69,139.78
798.31,24.54,139.78
799.32,20.46,139.44
801,20.34,139.47
802.01,13.64,139.9
803.02,18.87,143.78
804.03,18.37,144.39
805.04,20.46,144.85
806.05,26.45,145.04
807.07,14.19,145
808.08,18.21,144.58
809.09,20.85,144.32
810.1,18.89,144.43
811.11,17.1,144.62
812.12,21.46,147.27
813.13,16.61,147
814.14,23.01,147.19
815.15,20.12,147.46
816.16,20.75,147.69
817.17,20.71,148.07
818.19,14.88,148.34
819.2,18.38,148.37
820.21,23.05,148.41
821.22,20.7,148.15
822.23,18.02,148.3
823.24,13.26,148.68
824.25,17.3,148.98
825.26,28.27,148.53
826.27,24.67,148.18
827.28,24.32,148.95
828.29,18.5,149.02
829.3,21.59,148.91
830.32,19.21,148.83
831.33,14.08,149.52
833,11.75,148.98
834.01,12.55,147.99
835.02,14.93,148.98
836.03,18.49,149.21
837.04,17.13,149.75
838.05,18.9,150.01
839.07,17.13,149.71
840.08,19.64,150.13
841.09,19.09,150.01
842.1,17.29,149.98
843.11,18.79,149.86
844.12,20.21,149.71
845.13,13.22,149.52
846.14,14.49,149.98
847.15,18.2,149.21
848.16,17,148.64
849.18,17.13,148.76
850.19,23.63,148.6
851.2,25.76,147.99
852.21,22.58,148.3
853.22,21.33,148.15
854.23,22.29,148.41
855.24,14.92,148.34
856.25,15.88,148.3
857.26,17.74,148.53
858.27,23.66,148.57
859.28,18.9,149.21
860.3,14.21,149.37
861.31,19.55,149.59
862.32,22.89,150.2
863.33,25.6,150.55
864.34,20.59,150.72
865.35,19.55,148.32
866.36,15.11,149.54
867.37,17.28,150.81
868.38,16.6,151.2
869.39,18.74,151.5
870.4,27.42,151.58
871.42,20.56,151.73
872.43,17.11,152.03
873.44,13.28,152.95
874.45,20.45,153.06
875.46,20.36,153.18
876.47,25.6,153.37
877.48,19.55,153.86
878.49,19.33,154.4
879.5,24.34,155.62
880.51,17.95,154.93
881.52,16.35,155.47
882.54,16.43,155.35
883.55,25.8,155.28
884.56,18.82,155.54
885.57,17.16,155.73
886.58,15.53,155.5
887.59,20.11,155.81
888.6,35.48,156.08
889.61,24.5,155.81
890.62,17.49,155.62
891.63,16.41,155.92
892.64,17.76,155.92
893.65,24.82,155.89
894.67,16.69,156
896,17.95,156.04
897.01,24.36,151.31
898.02,21.16,151.93
899.03,25.96,151.23
900.04,25.06,152.57
901.05,28.06,152.3
902.06,29.23,152.68
903.07,22.9,152.87
904.09,21.07,153.86
905.1,21.35,153.18
906.11,23.35,153.33
907.12,27.85,154.21
908.13,18.62,153.86
909.14,19.78,153.71
910.15,19.43,153.83
911.16,21.08,153.33
912.17,28.54,153.33
913.18,25.25,154.02
914.19,27.85,154.63
915.21,30,153.52
916.22,25.41,154.4
917.23,36.64,153.9
918.24,30.54,154.28
919.25,27.84,154.32
920.26,25.58,155.35
921.27,22.28,155.24
922.28,17.31,155.28
923.29,18.81,155.16
924.3,22.45,155.47
925.31,31.35,155.89
926.33,33.82,156.34
928,34.48,157.11
929.01,33.48,153.71
930.02,21.89,133.54
931.03,14.82,139.45
932.04,28.09,141.02
933.05,17.39,142.08
934.06,22.75,142.66
935.07,28.52,143.8
936.08,30.01,143.61
937.09,31.34,144.03
938.1,31.93,145.25
939.11,31.34,145.06
940.12,31.37,145.48
941.14,30.54,145.36
942.15,30.03,145.32
943.16,26.79,145.71
944.17,28.52,145.67
945.18,29.99,146.09
946.19,29.5,146.62
947.2,27.86,146.66
948.21,25.41,147.35
949.22,28.49,147.92
950.23,19.64,148.15
951.24,17.49,147.92
952.26,16.43,148.11
953.27,16.33,148.37
954.28,14.86,149.18
955.29,13.28,150.24
956.3,12.61,151.2
957.31,11.75,151.01
958.32,13.08,151.35
960,13.13,151.69
961.01,19.24,149.75
962.02,19.17,150.89
963.03,20.62,151.5
964.04,21.87,151.92
965.05,25.3,152.3
966.07,21,153.06
967.08,17.77,153.67
968.09,14.5,153.64
969.1,19.69,154.02
970.11,18.74,154.02
971.12,21.29,153.98
972.13,21.51,154.09
973.14,23.41,154.09
974.15,24.86,154.17
975.16,23.04,154.97
976.17,21.88,155.31
977.18,22.85,154.97
978.2,26.16,155.28
979.21,20.41,155.81
980.22,17.24,155.39
981.23,19.83,155.31
982.24,21.1,155.81
983.25,24.18,155.77
984.26,32.84,155.92
985.27,37.41,155.31
986.28,41.43,155.92
987.29,42.98,156.3
988.3,45.24,156.61
989.31,42.51,155.69
991,40.99,156.11
992.01,44.96,144.26
993.02,39.37,148.49
994.03,33.82,150.97
995.04,34.74,153.03
996.05,35.5,153.94
997.06,26.17,155.31
998.08,23.31,156.19
999.09,25.03,156.72
1000.1,24.5,157.6
1001.11,26.18,157.94
1002.12,29.97,157.22
1003.13,29.27,158.06
1004.14,32.83,158.36
1005.15,30.26,159.05
1006.16,23.34,159.39
1007.17,18.19,158.82
1010,17.59,159.39
1011.01,19.86,109
1012.02,11.9,108.51
1013.03,14,108.2
1014.04,14.35,107.82
1015.05,14.17,107.74
1016.06,14.36,107.74
1017.07,14.19,107.59
1018.08,15.47,107.4
1019.09,12.38,107.17
1020.1,10.73,107.06
1021.11,38.47,106.87
1022.13,38.35,106.68
1024,38,103.44
1025.01,39.38,106.56
1026.02,33.66,107.48
1027.03,32.39,107.44
1028.04,35.28,107.33
1029.05,46.19,107.25
1030.07,30.33,107.13
1031.08,30.03,106.91
1032.09,31.7,106.68
1033.1,33.83,106.45
1034.11,33.92,106.18
1035.12,37.21,105.95
1036.13,37.22,105.72
1037.14,39.75,105.5
1038.15,52.45,105.38
1039.18,56.95,105.23
1040.19,47.42,105.08
1041.21,52.41,104.89
1042.22,47.32,104.73
1043.23,42.7,104.58
1044.24,47.37,104.39
1045.25,46.09,104.24
1046.26,43.37,104.08
1047.27,46.09,103.89
1048.28,62.95,103.78
1049.29,46.07,103.63
1050.3,50.98,103.51
1050.3,50.98,103.51
1051.31,52.4,103.44
1052.33,58.61,103.36
1053.34,56.76,103.28
1054.35,45.52,103.13
1055.36,26.19,102.86
1056.37,24.55,102.25
1057.38,60.01,102.94
1058.39,59.96,103.59
1059.4,63.22,104.12
1060.41,58.95,104.47
1061.43,59.81,104.66
1062.44,57.61,104.92
1063.45,57.76,105.15
1064.46,58.56,105.3
1065.47,54.83,105.46
1066.5,56.82,105.61
1067.53,59.77,105.84
1068.54,59.63,106.22
1069.55,59.52,106.52
1070.56,58.58,106.6
1071.58,58.55,106.68
1072.59,58.59,106.75
1073.6,55.74,106.83
1074.61,58.77,106.91
1075.62,56.87,106.91
1076.63,57.95,106.94
1077.64,55.2,106.94
1078.65,52.69,106.94
1079.66,59.98,106.91
1080.67,54.09,106.94
1081.68,52.49,106.98
1082.69,54.49,106.94
1083.71,54.04,106.94
1084.72,57.34,106.94
1085.75,66.93,106.94
1086.8,56.72,106.94
1087.81,23.79,105.79
1088.82,11.76,106.09
1089.83,18.09,105.83
1090.84,20.33,106.06
1091.85,19.42,106.17
1092.86,14.22,106.36
1093.88,17.89,106.63
1094.89,20.39,106.59
1095.9,25.38,106.74
1096.91,19.54,106.82
1097.92,18.41,107.28
1098.93,19.84,107.54
1099.94,22.08,107.85
1100.95,22.92,108
1101.96,26.2,108.11
1102.97,27.86,108.19
1103.98,29.58,108.27
1105,37.2,108.38
1106.01,34.55,108.42
1107.02,29.53,108.46
1108.03,29.29,108.69
1109.04,20.83,108.8
1110.05,19,109.03
1111.06,20.39,109.11
1112.07,19.2,109.37
1113.08,25.09,109.45
1114.09,39.3,109.53
1115.1,42.62,109.49
1116.11,35.3,109.64
1117.13,35.3,109.75
1118.14,28.37,109.87
1119.15,18.11,109.83
1120.16,13.82,110.17
1121.17,16.14,110.21
1122.18,27.41,110.36
1123.19,29.54,110.4
1124.2,28.56,110.52
1125.21,26.79,110.71
1126.22,30.88,110.1
1127.23,31.75,110.44
1128.24,21.89,110.63
1129.26,18.29,110.86
1130.27,32.34,111.01
1131.28,42.17,111.13
1132.29,41.67,111.28
1133.3,42.15,111.36
1134.31,40.53,111.51
1135.32,42.63,111.66
1136.33,43.22,111.74
1137.34,46.75,111.77
1138.35,45.58,111.85
1139.36,43.51,112
1140.38,41.14,112.08
1141.39,43.7,112.16
1142.4,43.71,112.23
1143.41,44.34,112.23
1144.42,42.66,112.31
1145.43,42.15,112.38
1146.44,36.28,112.42
1147.45,36.37,112.54
1148.46,34.54,112.65
1149.47,34.21,112.77
1150.48,32.02,112.65
1151.49,23.99,113.53
1152.51,25.05,112.96
1153.52,25.79,113.15
1154.53,30.59,113.11
1155.54,29.53,113.22
1156.55,23.99,113.34
1157.56,15.79,113.11
1158.57,13.99,113.11
1159.58,13.3,113.41
1160.59,28.91,113.45
1161.6,27.85,113.57
1162.61,29.87,113.76
1163.63,25.82,113.83
1164.64,28.61,113.95
1165.65,26.58,114.06
1166.66,25.21,114.14
1167.67,26.15,114.25
1168.68,26.4,114.25
1169.69,22.95,114.37
1170.7,22.27,114.52
1171.71,22.43,114.48
1172.72,21.93,114.56
1173.73,22.35,114.67
1174.75,21.91,114.79
1175.76,20.24,114.82
1176.77,27.94,114.86
1177.78,19.31,114.94
1178.79,25.48,115.02
1179.8,25.1,115.05
1183,24.93,115.17
1184.01,15.36,115.28
1185.02,14.54,114.14
1186.03,16.08,114.75
1187.04,13.5,115.32
1188.05,11.34,115.55
1189.07,11.93,115.51
1190.08,13.86,115.63
1191.09,13.33,115.17
1192.1,13.76,115.17
1193.11,14.99,115.51
1194.12,14.55,115.85
1195.13,14.74,116.01
1196.14,16.27,116.08
1197.15,17.66,116.2
1198.16,13.91,116.39
1199.18,13.08,116.43
1200.19,12.2,116.5
1201.2,13.47,116.65
1202.21,14.87,116.65
1203.22,18.62,116.73
1204.23,14.74,116.81
1205.24,13.92,116.96
1206.25,14.43,117.04
1207.26,17.23,117.15
1208.27,18.11,117.23
1209.28,20.59,117.42
1210.3,14.49,117.53
1211.31,15,117.68
1212.32,15.81,117.87
1213.33,20.11,117.87
1214.34,20.83,117.99
1215.35,18.2,117.38
1216.36,13.64,117.91
1217.37,18.31,118.1
1218.38,25.58,118.03
1219.39,34.07,117.95
1220.4,24.84,118.22
1221.41,15.53,118.22
1222.43,16.33,118.07
1223.44,14.14,118.03
1224.45,17.49,117.46
1225.46,18.03,117.53
1226.47,17.3,117.72
1227.48,17.31,118.07
1228.49,19.76,118.26
1229.5,15.53,118.41
1230.51,20,118.48
1231.52,16.26,118.6
1232.53,19.21,118.71
1233.55,17.4,118.83
1234.56,11.72,118.79
1235.57,15.6,118.83
1236.58,21.47,118.87
1237.59,20.42,118.87
1238.6,17.4,118.9
1239.61,17.4,119.32
1240.62,16.17,119.29
1241.63,17.05,119.21
1242.64,17.57,119.06
1243.65,23.89,119.13
1244.67,23.2,119.17
1245.68,20.83,119.25
1246.69,22.73,119.09
1247.7,17.66,119.44
1248.71,26.36,118.71
1249.72,25.41,118.71
1250.73,26.76,118.83
1251.74,22.6,119.09
1252.75,16.34,118.87
1253.76,13.75,118.87
1254.77,12.42,118.87
1255.78,15.39,118.87
1256.8,18.12,118.87
1257.81,19.22,118.71
1258.82,21.47,118.71
1259.83,23.51,118.79
1260.84,26.75,118.83
1261.85,34.08,119.09
1262.86,31.91,119.13
1263.87,31.9,119.36
1264.88,33.15,119.44
1265.89,34.11,119.51
1266.9,35.48,119.55
1267.92,32.52,119.63
1268.93,34.12,119.67
1269.94,33.42,119.74
1270.95,33.76,119.82
1271.96,34.79,119.9
1272.97,33.45,119.93
1273.98,33.46,119.97
1274.99,31.61,120.05
1276,35.14,120.09
1277.01,31.61,120.16
1278.3,33.11,120.16
1279.31,30.53,119.4
1280.32,20.22,119.86
1281.33,23.34,120.12
1282.34,23.04,120.43
1283.35,21.73,120.28
1284.37,22.01,120.2
1285.38,23.99,120.31
1286.39,31.32,120.35
1287.4,25.97,120.43
1288.41,28.28,120.51
1289.42,32.21,120.54
1290.45,30.86,120.39
1291.46,26.75,120.47
1292.47,28.98,120.43
1293.49,28.52,120.24
1294.5,29,120.51
1295.51,26.97,120.62
1296.52,17.64,120.77
1297.53,22.01,121
1298.54,14.87,121
1299.55,16.57,121
1300.56,19.99,121.04
1301.57,19.02,121.12
1302.58,16.41,121.04
1303.59,15.13,121.15
1304.6,16.89,121.38
1305.62,18.91,121.46
1306.63,19.33,121.57
1307.64,24,121.53
1308.65,23.5,121.57
1310,33.79,121.73
1311.01,40.45,121.04
1312.02,23.99,121.23
1313.03,23.52,121.65
1314.04,28.99,121.27
1315.05,39.97,121.27
1316.07,43.51,121.31
1317.08,39.54,121.31
1318.09,42.42,121.38
1319.1,40.97,121.34
1320.11,40.91,121.23
1321.12,39.07,121.38
1322.13,31.06,121.19
1323.14,22.16,121.08
1324.15,40.91,121.08
1325.16,31.34,120.89
1326.17,29.73,120.77
1327.19,31.07,120.7
1328.2,33.45,120.77
1329.21,26.75,120.92
1330.22,23.66,121.08
1331.23,26.77,121.15
1332.24,26.36,121.31
1333.25,23.99,121.34
1334.26,23.66,121.46
1335.27,22.01,121.57
1336.28,29.48,121.73
1337.29,33.14,122.41
1338.3,19.99,121.38
1339.32,40.42,121.34
1340.33,22.59,121.92
1341.34,22.77,120.96
1342.35,12.97,121.95
1343.36,12.47,120.73
1344.37,14.55,121.08
1345.38,12.16,120.92
1346.39,14.03,121.19
1347.4,14.38,121.34
1348.41,15.59,121.34
1349.42,17.14,121.38
1350.44,16.73,121.53
1351.45,17.49,121.8
1352.46,15.38,120.47
1353.47,23.05,120.51
1354.48,19.66,120.96
1355.49,23.83,121.27
1356.5,24.17,121.57
1357.51,26.58,121.8
1358.52,22.89,121.92
1359.53,23.51,122.07
1360.54,23.68,122.18
1361.56,25.38,122.22
1362.57,25.02,122.3
1363.58,25.96,122.37
1364.59,24.33,122.34
1365.6,25.39,122.34
1366.61,24.67,122.45
1367.62,20.72,122.37
1368.63,23.35,122.34
1369.64,25.95,122.45
1370.65,23.2,122.45
1371.66,25.97,122.53
1372.67,24.16,121.53
1373.69,17.08,122.3
1374.7,15.25,122.87
1375.71,13.8,122.79
1376.72,15.12,122.98
1377.73,13.07,122.79
1378.74,15.95,122.79
1379.75,16.64,122.98
1380.76,18.7,123.06
1381.77,17.14,123.4
1382.78,27.18,121.92
1383.79,32.51,121.99
1384.81,31.35,122.26
1385.82,28.51,122.26
1386.83,30.83,122.53
1387.84,32.82,122.91
1388.85,33.76,123.14
1389.86,28.99,123.4
1390.87,33.13,123.48
1391.88,24.85,123.4
1392.89,33.13,123.48
1393.9,47.66,123.52
1394.91,48.31,123.56
1395.93,47.66,123.59
1396.94,49,123.52
1397.95,53.53,123.56
1398.96,48.99,123.59
1399.97,47,123.67
1400.98,53.27,123.75
1401.99,54.42,123.82
1403,52.76,123.94
1405,41.88,123.86
1406.01,19.64,122.83
1407.02,13.43,124.01
1408.03,13.86,123.78
1409.04,17.85,123.82
1410.05,17.06,124.01
1411.07,15.26,124.17
1412.08,23.99,124.17
1413.09,26.55,124.39
1414.1,25.58,124.47
1415.11,28.98,123.4
1416.12,46.4,123.36
1417.13,32.23,123.56
1418.14,22.58,123.78
1419.15,22.44,124.09
1420.16,28.75,124.39
1421.18,28.28,124.55
1422.19,29.98,124.74
1423.2,29.7,124.66
1424.21,32.23,124.74
1425.22,34.11,124.78
1426.23,46.99,124.81
1427.24,41.91,124.97
1428.25,20.11,125
1429.26,19.87,125.16
1430.27,37.43,125.12
1431.28,41.42,125.12
1432.29,23.8,125.12
1433.31,26.98,125.19
1434.32,26.36,125.42
1435.33,26.75,125.61
1437,27.17,125.61
1437,27.17,125.61
1438.01,20.46,125.35
1439.02,19.33,126.11
1440.03,20.71,126.49
1441.04,16.42,126.19
1442.05,18.72,126.22
1443.07,19.55,126.22
1444.08,19.21,126.26
1445.09,18.12,126.3
1446.1,15.67,126.34
1447.11,16.65,124.93
1448.12,28.8,124.81
1449.13,27.85,125.19
1450.14,27.63,125.39
1451.15,25.39,125.58
1452.16,24.86,126
1453.17,30.01,126.11
1453.17,30.01,126.11
1454.19,23.66,126.22
1455.2,19.22,126.49
1456.21,33.8,126.61
1457.24,37.78,126.68
1458.25,26.19,126.68
1459.26,28.52,126.57
1460.27,35.49,126.64
1461.28,30.8,126.64
1462.29,31.06,126.68
1463.3,28.55,126.72
1464.31,28.08,126.72
1465.33,31.05,126.76
1466.34,30.82,126.57
1467.35,27.85,126.07
1468.36,21.34,126.19
1469.37,31.06,126.83
1470.38,23.66,127.06
1471.39,28.27,126.57
1472.4,25.97,126.41
1473.41,29,126.3
1474.42,28.76,123.63
1475.43,31.08,126.34
1476.44,19.87,125.39
1477.46,41.96,124.97
1478.47,39.07,125
1479.48,38.62,125.31
1480.49,40.93,125.46
1481.5,41.44,125.58
1482.51,42.96,125.73
1483.52,42.45,125.84
1484.53,34.78,126.07
1485.54,33.77,126.22
1486.55,40.01,126.34
1487.56,27.39,126.53
1488.58,42.29,126.64
1489.59,43.48,126.68
1490.6,40.02,126.8
1491.61,42.77,126.87
1492.62,38.23,126.91
1493.63,38.67,127.06
1494.64,37.39,127.18
1495.65,39.54,127.29
1496.66,43.06,127.33
1497.67,38.56,127.41
1498.68,39.89,127.41
1500,41.89,127.44
1501.01,31.33,127.14
1502.02,37.38,127.14
1503.03,33.14,127.44
1504.04,35.53,127.83
1505.05,35.14,127.67
1506.07,34.43,127.79
1507.08,34.79,127.9
1508.09,32.22,126.99
1509.1,33.45,126.91
1510.11,33.77,127.06
1511.12,34.45,127.37
1512.13,33.7,127.41
1513.14,33.76,127.56
1514.15,32.82,127.86
1515.16,32.81,127.86
1516.17,33.44,128.02
1517.19,33.13,128.09
1518.2,33.16,128.24
1519.21,33.44,128.24
1520.22,33.47,128.36
1521.23,34.09,128.44
1522.24,34.79,128.47
1523.25,34.78,128.59
1524.26,34.09,128.63
1525.27,34.11,128.7
1526.28,33.75,128.82
1527.29,33.76,128.82
1528.3,33.75,128.82
1529.32,33.44,128.82
1530.33,33.77,128.97
1531.34,32.5,128.24
1532.35,29.98,129.08
1533.36,30.76,128.82
1534.37,26.55,130.04
1535.38,29.22,129.69
1536.39,31.35,129.66
1537.4,28.5,128.89
1538.41,29.48,128.93
1539.42,27.39,129.12
1540.44,30.25,129.24
1541.45,26.15,129.31
1542.46,38.24,129.62
1543.47,33.1,129.69
1544.48,32.8,129.96
1545.49,36.23,129.88
1546.5,35.1,129.77
1547.51,33.78,129.85
1548.52,36.98,129.62
1549.53,34.1,129.69
1550.54,33.13,129.88
1551.55,32.2,130
1552.57,29.97,130.11
1553.58,30.51,130.15
1554.59,32.82,130.19
1555.6,37.78,130.3
1556.61,32.82,130.42
1557.62,35.14,130.19
1558.63,35.16,130.57
1559.64,37.03,130.61
1560.65,39.51,130.68
1561.66,36.27,130.88
1563,37.46,131.1
1564.01,32.19,130.84
1565.02,23.18,130.99
1566.03,27.84,131.9
1567.04,23.37,131.6
1568.05,24.67,131.45
1569.07,25.96,131.49
1570.08,30,130.72
1571.09,33.13,130.57
1572.1,36.25,130.53
1573.11,36.62,130.61
1574.12,36.27,130.88
1575.13,34.8,130.95
1576.14,34.44,131.14
1577.15,35.17,131.45
1578.16,35.5,131.52
1579.17,35.17,131.68
1580.19,35.54,131.6
1581.2,36.63,131.9
1582.21,36.61,131.94
1583.22,34.78,132.1
1584.23,34.81,132.21
1585.24,35.5,132.25
1586.25,36.24,132.32
1587.26,36.6,132.44
1588.27,35.87,132.59
1589.28,35.84,132.59
1590.29,36.26,132.67
1591.31,36.59,132.71
1592.32,35.88,132.78
1593.33,32.83,132.36
1595,32.84,132.51
1596.01,13.97,132.17
1596.01,13.97,132.17
1597.02,22.03,132.06
1598.03,24.85,133.05
1599.04,23.82,132.55
1600.05,21.6,132.32
1601.07,20.61,132.32
1602.08,22.13,132.36
1603.09,22.44,132.48
1604.1,21.88,132.51
1605.11,23.5,132.55
1606.12,27.4,131.37
1607.13,31.92,131.07
1608.14,33.44,131.03
1609.15,34.78,131.14
1610.16,35.86,131.29
1611.17,33.38,131.41
1612.19,32.21,131.6
1613.2,37.38,131.79
1614.21,35.16,131.75
1615.22,35.5,131.83
1616.23,30.48,131.87
1617.24,32.5,131.9
1618.25,30.78,131.9
1619.26,32.8,131.79
1620.27,32.21,132.1
1621.28,33.12,132.02
1622.29,34.43,132.02
1623.3,32.2,131.83
1624.32,33.12,131.9
1625.33,31.64,131.75
1626.34,16.64,130.84
1627.35,21.08,131.22
1628.36,21.08,132.29
1629.37,23.34,132.29
1630.38,23.83,131.79
1631.39,23.03,131.79
1632.4,23.04,131.68
1633.41,21.61,131.6
1634.42,22.02,131.6
1635.44,23.34,131.6
1636.45,24.49,131.64
1637.46,39.96,130.49
1638.47,37.82,130.23
1639.48,36.23,130.27
1640.49,38.68,130.53
1641.5,40.44,130.88
1642.51,35.86,130.88
1643.52,32.5,131.14
1644.53,32.22,131.6
1645.54,35.14,131.75
1646.55,32.22,131.9
1647.57,31.64,132.02
1648.58,31.91,132.1
1649.59,30.24,131.87
1650.6,31.6,131.98
1651.61,30.76,132.13
1652.62,31.64,132.21
1653.63,31.31,132.32
1654.64,34.1,132.48
1655.65,30.8,132.51
1656.66,29.48,132.55
1659,29.24,132.51
1660.01,23.65,131.9
1661.02,28.05,132.71
1662.03,30.52,132.93
1663.04,29.99,133.81
1664.05,31.64,133.39
1665.07,33.77,133.16
1666.08,31.28,133.2
1667.09,34.44,133.39
1668.1,30.51,133.39
1669.11,26.97,132.1
1670.12,32.52,131.9
1671.13,33.13,131.94
1672.14,31.35,132.1
1673.15,29.71,131.9
1674.16,28.03,132.1
1675.17,30.79,132.48
1676.19,29.47,132.71
1677.2,29.73,132.82
1678.21,30.26,132.86
1679.22,30.53,132.93
1680.23,27.59,133.12
1681.24,30.77,133.39
1682.25,34.44,131.07
1683.26,37.41,133.2
1684.27,36.65,133.01
1685.28,33.12,132.93
1686.29,31.91,132.74
1687.3,32.17,132.63
1688.32,31.06,132.59
1689.33,33.15,132.67
1690.34,30.01,130.15
1691.35,18.41,132.36
1692.36,19.76,133.24
1693.37,21.48,134.04
1694.38,23.2,133.47
1695.39,23.05,133.39
1696.4,26.25,133.35
1697.41,26.16,133.28
1698.42,32.5,133.28
1699.43,13.59,133.39
1700.45,21.45,131.94
1701.46,38.23,132.21
1702.47,30.52,132.29
1703.48,30.55,132.44
1704.49,25.09,132.4
1705.5,16.19,132.86
1706.51,17.84,133.35
1707.52,26.17,133.66
1708.53,25.04,133.77
1709.54,21.75,133.93
1710.55,21.09,133.89
1711.57,20.58,133.81
1712.58,20.45,133.85
1713.59,22.03,134
1714.6,21.47,134.08
1715.61,24.01,134.08
1716.62,27.38,134.38
1717.63,23.2,134.27
1718.64,19.44,134.5
1719.65,24.15,134.61
1720.66,19.91,134.65
1722,20.26,134.8
1723.01,27.18,135.11
1724.02,32.82,134.65
1725.03,32.2,135.37
1726.04,29.48,136.06
1727.06,28.98,136.02
1728.07,34.11,135.72
1729.08,33.14,135.68
1730.09,24.53,135.72
1731.1,23.48,134.8
1732.11,25.53,134.61
1733.12,28.28,134.73
1734.13,28.2,134.61
1735.14,28.06,134.54
1736.15,32.82,134.76
1737.16,33.43,134.99
1738.18,25.35,135.26
1739.19,33.22,135.49
1740.2,34.1,135.53
1741.21,34.45,135.6
1742.22,33.13,135.64
1743.23,30.49,135.53
1744.24,32.52,135.6
1745.25,32.84,135.68
1746.26,33.45,135.72
1747.27,34.44,135.83
1748.28,35.13,135.76
1749.3,33.76,135.76
1750.31,34.09,135.68
1751.32,33.12,135.79
1752.33,29.25,136.02
1754,30.79,136.02
1755.01,29.27,135.56
1756.02,26.62,135.83
1757.03,22.33,136.98
1758.04,28.09,137.66
1759.05,25.98,137.13
1760.07,34.45,136.94
1761.08,26,136.78
1762.09,23.37,136.63
1763.1,20.72,136.59
1764.11,24.7,134.92
1765.12,29.5,135.18
1766.13,31.38,135.03
1767.14,33.14,133.93
1768.15,33.19,135.11
1769.16,32.27,132.71
1770.18,32.85,133.8
1771.19,31.68,133.57
1772.2,31.97,133.74
1773.21,31.95,133.99
1774.22,31.67,133.16
1775.23,31.11,132.4
1776.24,31.1,132.95
1777.25,32.26,132.58
1778.26,32.27,132.32
1779.27,32.86,131.22
1780.28,32.88,131.3
1781.29,35.54,131.62
1782.31,35.55,131.89
1783.32,35.54,131.09
1784.33,35.56,131.33
1786,34.19,131.72
1787.01,45.25,131.78
1788.02,36.69,131.07
1789.03,41.05,131.91
1790.06,40.88,131.84
1791.08,26.02,132.29
1792.09,27.4,133.16
1793.1,30.86,133.51
1794.11,29.76,133.62
1795.12,35.91,133.89
1796.13,39.55,132.97
1797.14,31.98,132.82
1798.15,30.57,133.05
1799.16,33.21,133.05
1800.17,24.53,132.93
1801.18,34.18,133.05
1802.2,37.87,133.51
1803.21,35.93,133.62
1804.22,29.03,133.89
1805.23,33.81,133.96
1806.24,33.21,134.08
1807.25,34.13,134.15
1808.26,35.59,134.27
1809.27,36.58,134.31
1810.28,35.52,134.57
1811.29,34.82,133.73
1812.3,35.85,132.59
1813.31,34.19,132.78
1814.33,35.2,132.82
1815.34,35.89,133.09
1816.35,35.18,133.77
1817.36,35.17,130.04
1818.37,28.53,132.06
1819.38,28.78,132.44
1820.39,24.03,133.89
1821.4,23.55,134.84
1822.41,24.73,134.73
1823.42,24.01,134.92
1824.44,25.43,133.73
1825.45,29.76,133.77
1826.46,29.04,134.08
1827.47,30.05,134.04
1828.48,31.2,134.04
1829.49,32,134.08
1830.5,31.65,134.19
1831.51,31.73,134.46
1832.52,32.56,134.57
1833.53,31.67,134.46
1834.54,30.54,134.31
1835.56,32,133.89
1836.57,31.99,133.66
1837.58,31.14,133.62
1838.59,31.1,133.73
1839.6,31.41,133.89
1840.61,31.97,134.23
1841.62,33.14,134.19
1842.63,33.75,134.12
1843.64,33.11,133.89
1844.65,32.74,133.7
1845.66,31.88,133.62
1846.67,31.91,133.43
1847.69,32.51,133.32
1849,32.82,133.28
1850.01,36.26,128.32
1851.02,40.92,129.73
1852.03,41.42,130.49
1853.04,36.61,131.26
1854.05,29.75,131.87
1855.07,30.78,132.51
1856.08,28.06,132.4
1857.09,21.47,132.48
1858.1,25.38,132.67
1859.11,32.22,132.67
1860.12,23.16,132.78
1861.13,25.19,132.71
1862.14,28.98,132.82
1863.15,26.15,132.97
1864.16,27.83,133.01
1865.17,31.33,133.05
1866.18,31.33,133.16
1867.2,31.33,133.28
1868.21,29.48,133.43
1869.22,23.83,133.32
1870.23,26.36,133.24
1871.24,31.07,133.28
1872.25,26.97,133.43
1873.26,28.01,133.43
1874.27,24.17,133.51
1875.28,19.79,133.51
1876.29,22.47,133.54
1877.3,27.25,133.62
1878.32,34.16,133.62
1879.33,32.57,133.7
1881,29.29,133.85
1882.01,25.64,131.94
1883.02,28.13,132.67
1884.03,28.77,132.97
1885.04,25.39,133.47
1886.05,31.62,133.73
1887.07,28.98,133.7
1888.08,29.2,133.77
1889.09,26.36,133.73
1890.1,30.52,133.81
1891.11,25.77,134.08
1892.12,22.16,134.12
1893.13,22.45,134.27
1894.14,26.58,134.19
1895.15,29,134.27
1896.16,30.26,134.23
1897.17,22.74,134.5
1898.18,23.82,134.57
1899.2,23.66,134.76
1900.21,25.04,134.73
1901.22,29.97,134.73
1902.23,30.52,134.8
1903.24,30.26,135.07
1904.25,28.08,135.15
1905.26,29.51,135.15
1906.27,25.2,135.18
1907.28,21.34,135.34
1908.29,20.23,135.49
1909.3,23.05,135.56
1910.32,28.29,135.68
1911.33,28.52,135.68
1912.34,31.94,135.76
1913.35,33.79,130.76
1914.36,25.38,134.92
1915.37,31.92,134.76
1916.38,27.58,134.54
1917.39,26.35,134.04
1918.41,26.97,133.58
1919.42,28.5,132.55
1920.43,25.78,131.18
1921.44,20.6,129.85
1922.45,30.55,130.23
1923.46,29.47,130.61
1924.64,35.5,129.43
1925.65,31.04,129.24
1926.66,33.76,129.24
1927.67,33.46,129.24
1928.68,32.82,129.66
1929.69,33.14,129.92
1930.7,33.77,130.15
1931.71,32.84,130.46
1932.72,33.11,130.68
1933.73,33.15,130.88
1934.74,33.13,130.95
1935.76,32.51,130.95
1936.77,33.44,131.1
1937.78,32.85,131.07
1938.79,32.82,131.14
1939.8,33.14,131.18
1940.81,31.92,131.45
1941.82,32.52,131.56
1942.83,33.79,131.49
1943.84,27.41,127.94
1944.85,29,129.43
1945.86,31.33,130.42
1946.87,30.8,131.1
1947.89,29.73,131.26
1948.9,30.01,129.96
1949.91,32.21,129.62
1950.92,31.06,129.2
1951.93,31.35,129.08
1952.94,32.54,129.58
1953.95,29.48,130.38
1954.96,29.01,130.38
1955.97,25.58,129.85
1956.98,26.56,129.43
1957.99,35.53,129.39
1959,34.48,128.97
1960.02,33.46,128.89
1961.03,33.8,129.01
1962.04,34.12,129.39
1963.05,34.43,129.69
1964.06,33.78,129.85
1965.07,33.78,130.04
1966.08,35.16,129.96
1967.09,32.54,130
1968.1,33.45,130.15
1969.11,32.52,130.23
1970.12,32.53,130.34
1971.13,31.87,130.23
1972.15,29.72,130.19
1973.16,30.51,130.34
1974.17,32.8,130.42
1976,31.9,130.49
1977.01,26.56,131.14
1978.02,25.76,132.51
1979.03,24.67,133.28
1980.04,18.61,134.42
1981.05,18.7,134.27
1982.07,23.82,134.23
1983.08,23.83,134.27
1984.09,21.86,132.93
1985.1,33.8,132.48
1986.11,33.77,132.1
1987.12,33.46,132.1
1988.13,34.44,131.94
1989.14,34.79,131.87
1990.15,33.49,131.9
1991.16,32.83,132.1
1992.17,33.13,132.25
1993.19,32.83,132.48
1994.2,33.8,132.55
1995.21,33.15,132.48
1996.22,32.54,132.48
1997.23,32.51,132.55
1998.24,32.81,132.67
1999.25,32.22,132.74
2000.26,31.61,132.67
2001.27,31.91,132.78
2002.28,31.08,132.82
2003.29,30.78,133.05
2004.3,30.26,133.05
2005.32,30.8,133.28
2008,30.52,133.2
2009.01,27.61,133.62
2010.02,32.2,134.34
2011.03,31.93,134.76
2012.04,31.92,134.54
2013.05,31.63,134.84
2014.07,30,135.53
2015.08,29.73,135.79
2016.09,29,135.87
2017.1,32.84,135.79
2018.11,32.5,135.53
2019.12,33.14,135.79
2020.13,32.8,135.95
2021.14,33.77,136.1
2022.15,33.46,135.98
2023.16,33.45,136.29
2024.17,32.81,136.29
2025.19,32.83,136.33
2026.2,33.78,136.33
2027.21,33.48,136.25
2028.22,34.11,136.29
2029.23,34.13,136.37
2030.24,33.78,136.63
2031.25,33.43,136.52
2032.26,34.13,136.56
2033.27,33.15,136.71
2034.28,31.35,136.78
2035.29,33.13,136.9
2036.3,32.21,136.98
2037.32,31.35,136.86
2038.33,31.36,137.01
2039.34,31.08,135.76
2040.35,28.07,136.63
2041.36,30.54,137.24
2042.37,30.82,137.62
2043.38,23.67,137.85
2044.39,19.32,138.31
2045.4,20.23,138.35
2046.41,19.43,138.31
2047.42,20.86,138.39
2048.43,20.54,138.58
2049.44,20.21,138.77
2050.44,20.22,138.84
2051.45,21.35,138.88
2052.45,22.18,138.88
2053.46,24.69,139
2054.46,24.52,138.96
2055.47,22.18,139.03
2056.47,21.98,139.19
2057.48,24.76,139.11
2058.48,25.33,139.03
2059.49,27.52,139.19
2060.49,23.26,139.07
2061.5,20.86,139.26
2062.5,24.21,139.26
2063.51,29.44,139.38
2064.51,33.11,139.64
2065.52,32.56,139.61
2066.52,32.61,139.57
2067.53,30.34,139.61
2068.53,24.69,139.95
2069.53,25.06,139.76
2070.54,27.18,134.73
2071.54,23.53,137.59
2072.55,20.35,138.58
2073.55,19.42,139.45
2074.56,23.56,140.18
2075.56,22.63,140.14
2076.57,22.75,139.91
2077.57,27.11,140.03
2078.58,25.88,140.06
2079.58,23.43,139.95
2080.59,28,140.03
2081.59,27.69,140.14
2082.6,28.65,140.29
2083.6,25.12,140.18
2084.61,24.54,140.1
2085.61,25.5,140.25
2086.62,24.09,140.18
2087.62,25.71,140.14
2088.63,25.27,140.56
2089.63,29.36,140.64
2090.64,30.41,140.75
2091.64,30.4,140.79
2092.65,31.57,140.79
2093.65,31.84,141.05
2094.66,32.1,141.05
2095.66,32.4,141.17
2096.67,31.8,141.28
2097.67,31.56,141.32
2098.68,31.28,141.32
2099.68,32.19,141.32
2100.69,32.13,141.47
2101.69,28.15,139.76
2102.7,26.63,140.22
2103.7,33.03,140.56
2104.71,32.71,140.37
2105.71,33.02,140.25
2106.72,33.08,140.37
2107.72,34.05,140.18
2108.73,33.96,140.22
2109.73,27.51,140.06
2110.74,27.56,140.14
2111.74,31.03,139.99
2112.74,30.19,139.95
2113.75,28.67,140.1
2114.75,27.75,139.64
2115.76,27.98,139.45
2116.76,30.22,139.53
2117.77,32.45,139.45
2118.77,34.12,139.57
2119.78,33.39,139.83
2120.78,28.67,139.64
2121.79,26.44,139.8
2122.79,29.16,139.8
2123.8,29.14,140.03
2124.8,25.33,140.18
2125.81,25.91,140.37
2126.81,32.81,140.03
2127.82,31.62,140.06
2128.82,31.32,140.33
2129.83,31.9,140.14
2130.83,26.71,140.14
2135,23.09,140.52
2136.01,32.17,138.04
2137.01,35.8,138.81
2138.02,36.95,139.34
2139.02,36.2,139.8
2140.03,37.39,140.03
2141.03,30.42,140.37
2142.04,28.38,140.67
2143.04,21.78,140.75
2144.05,23.1,141.05
2145.05,27.74,141.32
2146.05,25.27,141.36
2147.06,29.62,141.47
2148.06,26.88,141.55
2149.07,29.66,141.51
2150.07,31.59,141.44
2151.08,27.08,141.86
2152.08,25.06,141.89
2153.09,32.72,141.82
2154.09,24.54,141.74
2155.1,24.35,142.27
2156.1,30.4,142.2
2157.11,31.23,142.01
2158.11,30.67,142.01
2159.12,28.15,142.08
2160.12,25.26,141.97
2161.13,24.71,142.27
2162.13,25.62,142.12
2163.14,28.88,142.5
2164.14,29.35,142.35
2165.15,29.1,142.47
2166.15,30.95,140.48
2167.16,29.01,141.25
2168.16,26.91,141.63
2169.17,32.44,141.63
2170.17,31.66,142.08
2171.18,30.71,142.35
2172.18,27.74,142.35
2173.19,30.42,142.77
2174.19,33.56,142.81
2175.2,33.47,142.66
2176.2,33.55,142.73
2177.21,34.25,142.73
2178.21,33.25,142.96
2179.22,34.95,143.27
2180.22,33.55,143.3
2181.23,31.67,143.46
2182.23,24.95,143.46
2183.24,21.58,143.46
2184.24,23.13,143.61
2185.25,22.47,143.49
2186.25,27.45,143.72
2187.26,24.9,143.49
2188.26,25.25,143.53
2189.27,21.36,143.65
2190.27,23.55,143.84
2191.28,26.75,144.07
2192.28,31.34,143.8
2193.29,33.79,143.99
2194.29,27.13,143.8
2195.3,24.52,143.84
2198,26,143.61
2199.01,23.93,137.59
2200.01,21.24,139.3
2201.02,18.39,140.37
2202.02,22.31,140.94
2203.03,19.21,141.7
2204.03,19.42,141.93
2205.04,21.48,141.89
2206.04,24.7,141.89
2207.05,30.62,142.2
2208.05,33.24,142.27
2209.06,34.94,142.35
2210.06,31.72,142.39
2211.07,29.8,142.27
2212.07,33.57,142.24
2213.07,36.27,142.12
2214.08,34.34,142.2
2215.08,34.99,142.62
2216.09,36.36,142.73
2217.09,35.71,142.5
2218.1,34.63,142.62
2219.1,27.07,142.69
2220.11,26.45,142.88
2221.11,26.33,143
2222.12,26.83,143.04
2223.12,26.03,143.15
2224.13,25.85,143.46
2225.13,27.27,143.72
2226.14,30.63,143.95
2227.14,28.15,144.1
2228.15,31.2,144.22
2229.15,31.48,138.39
2230.16,27.49,141.25
2231.16,26.86,142.47
2232.17,27.28,143.04
2233.17,27.46,143.49
2234.18,27.5,143.49
2235.18,27.71,143.65
2236.19,28.13,142.73
2237.19,28.38,141.44
2238.2,26.62,140.9
2239.2,26.83,140.86
2240.21,32.32,140.79
2241.21,32.32,140.56
2242.22,29.5,140.67
2243.22,29.82,140.94
2244.23,29.52,141.28
2245.23,28.11,141.32
2246.24,26.81,141.32
2247.24,31.72,141.13
2248.25,29.31,141.47
2249.25,24.53,141.59
2250.26,34.26,141.63
2251.26,22.89,141.63
2252.27,18.38,135.26
2253.27,23.06,138.54
2254.28,39.41,139.76
2255.28,27.63,140.14
2256.29,27.51,140.6
2257.29,28.88,141.36
2258.3,30.44,141.55
2259.3,30.68,141.74
2262,30,142.2
2263.01,30.18,138.12
2264.01,30.41,140.25
2265.02,31.3,141.28
2266.02,30.97,141.89
2267.02,30.72,142.2
2268.03,31.57,142.66
2269.03,31.3,142.85
2270.04,31.27,142.88
2271.04,30.49,143.11
2272.05,29.92,143
2273.05,29.16,142.96
2274.06,28.72,143.38
2275.06,29.69,143.46
2276.07,30.19,143.46
2277.07,29.9,143.53
2278.08,29.41,143.61
2279.08,30.2,143.61
2280.09,29.39,143.76
2281.09,23.73,143.57
2282.1,27.71,143.42
2283.1,29.19,143
2284.11,28.25,143.23
2285.11,26.3,143.15
2286.12,27.48,143.3
2287.12,24.75,143.42
2288.13,28.01,143.61
2289.13,27.31,143.65
2290.14,29.96,144.22
2291.14,30.53,144.3
2292.15,29.99,144.49
2293.15,30.25,143.66
2294.16,25.5,143
2295.16,33.08,142.71
2296.17,32.47,142.66
2297.17,31.09,142.93
2298.18,31.72,142.39
2299.18,32.94,142.31
2300.19,34.62,142.35
2301.19,27.68,142.77
2302.2,32.93,142.77
2303.2,32.34,142.85
2304.21,32.02,142.73
2305.21,32.94,142.96
2306.22,33.6,142.92
2307.22,31.16,142.62
2308.23,33.25,142.73
2309.23,30.1,142.66
2310.24,33.57,142.66
2311.24,32.94,142.85
2312.24,33.58,142.85
2313.25,31.16,143.08
2314.25,30.35,142.92
2315.26,29.59,143.34
2316.26,28.12,143.04
2317.27,30.07,143.23
2318.27,30.08,142.73
2319.28,32.02,142.24
2320.28,32.63,142.5
2321.29,32.02,142.39
2322.29,31.14,142.01
2323.3,32.02,142.27
2324.3,31.46,141.35
2325.31,21.51,139.82
2326.31,24.55,139.45
2327.32,19.63,140.86
2328.32,13.67,142.96
2329.33,24.2,142.62
2330.33,18.39,136.25
2331.34,18.01,138.46
2332.34,26.19,139.83
2333.35,21.35,140.14
2334.35,23.05,140.06
2335.36,19.64,139.87
2336.36,21.75,140.25
2337.37,18.58,140.06
2338.37,16.87,140.41
2339.38,27.66,140.18
2340.38,32.32,139.87
2341.39,24.88,140.03
2342.39,30.34,140.18
2343.39,24.52,139.91
2344.4,27.44,139.64
2345.4,27.87,139.64
2346.41,22.46,139.64
2347.41,18.2,139.99
2348.42,18.4,139.61
2349.42,21.24,139.72
2350.43,22.21,139.3
2351.43,26.83,141.17
2352.44,30.1,141.25
2353.44,31.46,139.72
2354.45,31.75,136.71
2357,30,136.14
2358.01,26.03,132.44
2359.01,32.09,133.7
2360.02,28.57,134.15
2361.02,28.89,134.31
2362.03,27.24,134
2363.03,30.12,134.12
2364.04,25.11,134.27
2365.04,36.84,134.38
2366.05,24.91,134.42
2367.05,33.94,134.34
2368.06,27.92,134.27
2369.06,34.98,134.31
2370.07,32.69,134.23
2371.07,32.09,134.04
2372.07,29.13,134.15
2373.08,28.87,134.04
2374.08,28.88,134.08
2375.09,29.64,134.42
2376.09,31.47,134.38
2377.1,31.53,134.5
2378.1,30.35,134.88
2379.11,30.93,135.15
2380.11,31.18,135.26
2381.12,31.23,135.41
2382.12,31.46,135.6
2383.13,31.78,135.79
2384.13,32.34,135.87
2385.14,32.09,135.95
2386.14,31.49,135.91
2387.15,30.69,136.14
2388.15,30.66,136.06
2389.16,26.68,136.71
2390.16,29.11,136.09
2391.17,32.68,135.93
2392.17,33.64,135.5
2393.18,32.08,135.95
2394.18,32.36,135.41
2395.19,30.91,135.68
2396.19,32.03,135.98
2397.2,32.93,136.1
2398.2,32.65,136.06
2399.21,31.2,136.1
2400.21,32.65,136.25
2401.22,33.28,136.25
2402.22,32.65,136.17
2403.23,33.92,136.1
2404.23,34.23,136.33
2405.24,34.31,136.44
2406.24,34.97,136.63
2407.25,35.72,136.71
2408.25,34.28,137.01
2409.26,32.98,137.2
2410.26,32.66,137.24
2411.27,31.79,137.51
2412.27,32.96,137.39
2413.28,33.63,137.62
2414.28,34.3,137.59
2415.28,33.94,137.7
2416.29,33.63,137.89
2417.29,34.2,137.89
2418.3,33.6,138
2419.3,33.62,138.97
2420.31,19.05,138.16
2421.31,31.23,138.85
2422.32,30.7,138.64
2423.32,28.61,138.93
2424.33,34.1,138.29
2425.33,32,138.28
2426.34,30.12,138.55
2427.34,29.55,138.63
2428.35,35.71,138.56
2429.35,36.44,138.56
2430.36,35.31,138.9
2431.36,34.98,138.2
2432.37,31.2,138.78
2433.37,26.62,138.23
2434.38,26.65,138.69
2435.38,26.43,139.3
2436.39,28.86,139.57
2437.39,33.32,139.95
2438.4,31.47,140.25
2439.4,32.06,140.37
2440.41,32.39,140.52
2441.41,32.37,140.56
2442.42,35.37,140.52
2443.42,36.48,140.67
2444.43,36.85,140.86
2445.43,35.72,140.79
2446.44,33.29,140.48
2447.44,32.98,140.33
2448.45,34.33,140.33
2449.45,28.17,140.44
2452,30,132.32
2453.01,23.85,137.74
2454.01,23.09,139.3
2455.02,23.24,140.44
2456.02,30.65,140.44
2457.02,30.92,140.71
2458.03,27.92,140.48
2459.03,28.83,140.71
2460.04,29.07,141.09
2461.04,27.9,141.25
2462.05,30.62,141.36
2463.05,32.68,141.51
2464.06,32.09,141.59
2465.06,29.13,141.4
2466.07,30.14,141.66
2467.07,27.73,141.78
2468.08,24.75,141.93
2469.08,25.5,142.27
2470.09,27.5,142.35
2471.09,30.38,142.58
2472.1,32.09,142.58
2473.1,25.1,142.62
2474.11,27.5,142.43
2475.11,20.98,142.58
2476.12,23.11,142.77
2477.12,26.05,142.81
2478.13,21.51,142.73
2479.13,30.63,142.85
2480.14,32.07,142.85
2481.14,30.63,142.77
2482.15,29.59,142.81
2484,30,143.11
2485.01,29.6,139.42
2486.01,27.94,140.79
2487.02,32.05,141.09
2488.02,29.91,141.47
2489.02,31.79,141.47
2490.03,29.6,140.94
2491.03,27.28,140.83
2492.04,30.64,141.51
2493.04,32.34,141.74
2494.05,30.35,141.89
2495.05,30.65,142.12
2496.06,30.11,142.16
2497.06,27.03,142.2
2498.07,22.04,142.01
2499.07,21.51,142.08
2500.08,28.65,142.5
2501.08,22.78,142.85
2502.09,21.52,142.88
2503.09,21.66,142.96
2504.1,27.49,142.69
2505.1,31.74,142.69
2506.11,30.39,142.81
2507.11,24.4,143.11
2508.12,22.19,143.46
2509.12,30.92,143.42
2510.13,29.63,143.27
2511.13,23.58,143.23
2512.14,27.08,142.92
2513.14,27.26,142.81
2514.15,20.87,142.27
2515.15,22.34,141.93
2516.19,23.42,142.69
2517.21,26.41,142.84
2518.21,20.5,142.39
2519.22,28.89,144.45
2520.22,34.02,145.74
2521.23,31.22,146.32
2522.23,32.65,145.71
2523.24,32.11,145.93
2524.24,32.7,145.4
2525.25,36.11,144.94
2526.25,27.73,144.3
2527.26,25.29,144.91
2528.26,28.2,143.8
2529.27,27.27,143.42
2531.02,26.63,143.42
2532.03,24.75,142.62
2533.03,31.21,141.4
2534.04,28.17,140.83
2535.04,25.86,140.48
2536.05,23.87,140.44
2537.05,42.21,140.41
2538.06,25.65,140.86
2539.06,37.25,141.21
2540.07,21.79,141.7
2541.07,23.11,141.97
2542.07,25.44,142.12
2543.08,26.63,142.43
2544.08,24.22,142.47
2545.09,30.41,142.58
2546.09,32.99,142.62
2547.1,30.11,142.66
2548.1,32.72,142.43
2549.11,19.59,142.51
2550.11,18.25,142.46
2551.12,17.5,142.84
2552.12,28.44,142.07
2553.13,19.91,143.49
2554.13,21.39,143.57
2555.14,23.58,144.49
2556.14,27.55,144.49
2557.15,23.43,144.45
2558.15,23.91,144.34
2559.16,28.44,145.38
2560.16,32.07,145.26
2561.17,30.11,145.19
2562.17,27.52,145.65
2563.18,25.85,145.35
2564.18,25.67,146.47
2565.19,33.61,146.31
2566.19,26.63,146.39
2567.2,34.98,146.5
2568.2,29.85,146.54
2569.21,32.09,146.61
2570.21,37.73,147.65
2571.22,38.49,147.94
2572.22,39.39,147.56
2573.23,37.24,147.46
2574.23,37.22,147.2
2575.24,37.58,147.25
2576.24,31.19,147.72
2577.25,37.67,148.65
2578.25,39.41,148.62
2579.26,38.1,148.4
2580.26,40.83,148.65
2581.27,34.26,148.15
2582.28,38.51,149.7
2583.28,34.57,149.73
2584.29,34.93,150.93
2585.29,33.89,152
2586.3,32.94,152.42
2587.3,31.99,152.99
2588.31,33.93,153.64
2589.31,34.27,153.25
2590.32,32.64,153.29
2591.32,32.65,153.18
2592.32,29.82,153.29
2593.33,24.21,152.99
2594.33,22.35,152.72
2595.34,23.08,152.84
2596.34,30.59,152.84
2597.35,17.13,153.06
2598.35,23.36,153.1
2599.36,24.52,153.29
2600.36,30.64,153.33
2601.37,33.59,153.22
2602.37,33.29,153.06
2603.38,31.74,153.37
2604.38,32.62,153.37
2605.39,31.44,153.22
2606.39,31.73,153.22
2607.4,33.27,153.56
2608.4,33.27,153.52
2609.41,32.37,153.33
2611,30,153.56
2612.01,36.44,151.88
2613.01,27.9,152.42
2614.02,25.28,152.64
2615.02,20.23,152.53
2616.03,25.11,152.68
2617.03,25.46,152.42
2618.04,28.41,152.23
2619.04,25.08,151.69
2620.05,26.45,151.65
2621.05,24.38,151.31
2622.05,32.97,151.27
2623.06,36.46,151.01
2624.06,31.46,150.78
2625.07,29.57,150.59
2626.07,26.55,150.32
2627.08,26.61,150.36
2628.08,29.8,149.98
2629.09,29.7,149.52
2630.09,31.27,149.37
2631.1,33.08,149.25
2632.1,33.38,149.25
2633.11,33.05,149.44
2634.11,34.07,149.56
2635.12,34.03,149.75
2636.12,33.08,149.94
2637.13,31.85,150.13
2638.13,32.76,150.43
2639.14,33.72,150.7
2640.14,31.32,150.74
2641.15,29.92,150.85
2643.6,29.19,150.78
2644.61,11.62,153.25
2645.61,17.64,154.51
2646.61,14.09,153.71
2647.62,16.52,153.41
2648.62,19.29,152.99
2649.63,27.08,152.95
2650.63,28.65,152.64
2651.64,27.92,152.53
2652.64,29.66,152.53
2653.65,33.35,152.26
2654.65,17.09,151.23
2655.66,18.39,151.42
2656.66,15.45,152.19
2657.67,31.28,152.15
2658.67,37.75,152.15
2659.68,36.54,152.3
2660.68,31.51,152.26
2661.69,16.28,152.64
2662.69,13.83,153.33
2663.7,13.17,155.28
2664.7,14.51,154.36
2665.71,10.92,153.45
2666.71,10.98,153.22
2667.72,11.72,153.14
2668.72,13.74,152.95
2669.73,14.64,152.95
2670.73,12.33,153.1
2671.75,7.51,151.04
2672.76,35.94,150.97
2673.76,28.52,151.23
2675.3,20.79,151.62
2676.31,15.69,153.1
2677.31,17.7,154.55
2678.32,15.06,155.31
2679.32,18.96,154.74
2680.32,13.69,154.21
2681.33,12.88,154.09
2682.33,12.54,154.21
2683.34,12.06,154.02
2684.34,16.04,154.09
2685.35,21.57,154.09
2686.35,22.7,151.88
2687.36,23.31,151.96
2688.36,21.56,151.96
2689.37,22.69,152.61
2690.37,24.3,153.22
2691.38,24.65,153.52
2692.38,22.11,153.64
2693.39,25.55,154.21
2694.39,24.99,154.4
2695.4,27.61,154.47
2696.4,25.57,154.59
2697.41,22.85,154.55
2698.41,23.95,154.47
2699.42,23.78,154.51
2700.42,21.7,154.4
2701.43,23.8,154.47
2702.43,21.83,154.47
2703.44,21.69,154.59
2704.44,22.55,154.59
2705.45,23,154.67
2706.45,22.99,152.03
2707.46,26.77,153.37
2708.46,19.06,154.25
2709.47,18.26,155.05
2710.47,17.69,155.58
2711.48,19.83,155.69
2712.48,19.27,155.16
2713.48,19.83,154.78
2714.49,22.85,155.05
2715.49,21.84,155.01
2716.5,25.94,155.08
2717.5,26.92,155.24
2718.51,26.14,155.2
2719.51,28.79,155.35
2719.51,28.79,155.35
2720.52,25.5,155.43
2721.52,26.16,155.39
2722.53,29.28,155.54
2723.53,27.84,155.5
2724.54,22.57,155.5
2725.54,21.61,155.47
2726.55,25.21,155.58
2727.55,23.03,155.85
2728.56,23.35,155.96
2729.56,30.85,156.15
2730.57,26.79,156.23
2731.57,23.19,156.15
2732.58,24.68,156.19
2733.58,26.38,156.27
2734.59,25.23,156.23
2735.59,26.38,156.3
2736.6,27.61,156.34
2737.6,25.21,155.08
2738.61,25.21,155.35
2739.61,28.6,155.77
2740.62,23.2,156.11
2741.62,24.01,156.57
2742.63,29.31,156.57
2743.63,25.94,156.04
2744.64,25.57,156.15
2745.64,25.65,156.08
2746.65,28.83,156.27
2747.65,34.74,156.38
2748.66,35.44,156.57
2749.66,34.03,156.5
2750.67,28.19,156.72
2751.67,27.98,156.65
2752.68,25.85,156.72
2753.68,21.48,157.03
2754.69,21.79,157.18
2755.69,25.08,157.14
2756.7,21.77,156.91
2757.7,23.08,157.26
2758.71,29.91,157.18
2759.71,26.44,156.88
2760.72,34.09,157.07
2761.72,37.73,157.14
2762.75,38.99,157.14
2763.75,33.12,157.33
2764.76,31.81,157.26
2765.76,31.51,157.41
2766.77,32.1,157.49
2770,30,157.49
2771.01,30.44,154.74
2772.01,30.09,155.81
2773.02,23.24,156.76
2774.02,20.48,157.68
2775.02,20.72,158.17
2776.03,21.66,158.33
2777.03,23.53,158.1
2778.04,18.8,157.49
2779.04,19.55,157.41
2780.05,23.86,157.3
2781.05,27.01,157.56
2782.06,33.24,157.68
2783.06,31.71,157.75
2784.07,32.64,157.83
2785.07,26.81,157.79
2786.08,29.57,157.79
2787.08,32.3,157.94
2788.09,30.62,157.98
2789.09,30.06,157.64
2790.1,30.35,157.72
2791.1,32.3,157.52
2792.11,29.31,157.94
2793.11,29.56,158.17
2794.12,24.52,158.36
2795.12,25.25,158.44
2796.13,23.37,158.52
2797.13,31.73,158.67
2798.14,32.32,158.55
2799.14,24.53,158.63
2800.15,21.48,158.74
2802,20,158.82
2803.01,29.61,157.91
2804.01,32.06,158.13
2805.02,23.55,158.36
2806.02,19.13,158.97
2807.03,23.08,159.2
2808.03,34.55,159.43
2809.04,35.7,159.43
2810.04,34.27,159.16
2811.05,34.65,158.94
2812.05,40.29,158.4
2813.05,37.2,157.68
2814.06,36.09,156.99
2815.06,36.09,156.46
2816.07,36.48,156.27
2817.07,36.1,155.77
2818.08,35.76,155.66
2819.08,35.33,155.39
2820.09,33.92,154.67
2821.09,28.16,152.91
2822.1,27.49,150.78
2823.1,36.81,150.17
2824.11,37.97,150.36
2825.11,37.22,150.51
2826.12,38.5,150.7
2827.12,37.24,151.01
2828.13,38.08,151.31
2829.13,37.67,151.65
2830.14,36.81,151.92
2831.14,35.37,152.11
2832.15,36.83,152.34
2833.15,35,151.77
2834.16,25.61,152.42
2835.16,32.64,152.64
2836.17,31.15,152.87
2837.17,38.85,153.06
2838.18,39.76,153.18
2839.18,40.69,153.37
2840.19,34.22,153.6
2841.19,31.73,153.6
2842.2,35.67,153.64
2843.2,36.05,153.52
2844.21,34.6,153.52
2845.21,35.15,153.37
2846.22,35.28,154.78
2847.22,34.59,155.01
2848.23,34.22,155.24
2849.23,31.72,155.39
2850.24,33.52,155.5
2851.24,34.6,155.12
2852.25,35.67,155.01
2853.25,35.65,154.82
2854.26,35.3,154.67
2855.26,36.05,154.32
2856.27,36.02,154.09
2857.27,35.68,153.79
2858.28,26.01,153.29
2859.28,29.84,152.76
2860.29,32.31,152.49
2861.29,28.57,152
2862.3,27.67,151.73
2863.3,35.67,151.84
2864.31,35.28,151.27
2865.31,35.65,147.84
2866.31,33.58,147.61
2867.32,32.94,145.71
2868.32,33.27,145.06
2869.33,33.9,145.29
2870.33,34.59,145.63
2871.34,34.95,145.74
2872.34,30.06,145.63
2873.35,34.22,145.52
2874.35,36.78,145.52
2875.36,36.42,145.36
2876.36,36.77,144.91
2877.37,36.35,144.64
2878.37,36.38,145.25
2879.38,34.25,146.16
2880.38,35.28,144.94
2881.39,35.66,144.26
2882.39,36.03,143.95
2883.4,36.04,144.6
2884.4,34.58,144.03
2885.41,34.58,144.18
2886.41,34.23,144.3
2887.42,34.6,144.37
2888.42,34.59,144.3
2889.43,34.93,144.45
2890.43,35.65,144.64
2891.44,34.92,144.37
2892.44,34.94,143.88
2893.45,35.28,143.57
2894.45,36.02,143.42
2895.45,36.01,143.42
2896.6,34,143.23
2897.6,32.2,149.48
2898.61,17.49,147.69
2899.61,27.02,149.06
2900.62,17.21,150.74
2901.62,32.93,148.79
2902.62,36.4,148.91
2903.63,35.64,148.91
2904.63,34.59,148.83
2905.64,36.77,148.72
2906.64,36.4,148.72
2907.65,32.34,148.72
2908,20.13,150.05
2909.66,30.58,158.59
2910.67,30.33,154.47
2911.67,30.06,153.83
2912.68,30.6,153.45
2913.68,32.02,151.42
2914.69,33.24,150.13
2915.69,33.88,148.07
2916.7,28.1,145.9
2917.7,26.59,144.1
2918.71,29.53,143
2919.71,30.89,142.24
2920.72,30.33,141.51
2921.72,24.52,139.11
2922.73,28.11,138.58
2923.73,28.58,138.27
2924.73,30.32,137.89
2925.74,41.18,137.74
2926.74,40.65,137.55
2928,20,136.9
2929.01,15.1,135.98
2930.01,16.88,136.59
2931.02,20.46,136.78
2932.02,24.36,136.94
2933.02,26.01,136.9
2934.03,25.23,136.59
2935.03,17.74,136.02
2936.04,19.43,135.56
2937.04,11.09,134.95
2938.05,21.75,134.73
2939.05,21.35,134.42
2940.06,31.48,133.35
2941.06,24.33,132.86
2942.07,43.8,132.63
2943.07,36.4,132.29
2944.08,34.94,131.87
2945.08,35.22,131.56
2946.09,34.95,131.33
2947.09,36.06,131.03
2948.1,36.43,130.84
2949.1,35.62,130.72
2950.11,33.92,130.57
2951.11,35.65,130.53
2952.12,35.5,130.53
2953.12,36.01,130.53
2954.13,36.77,130.49
2955.13,36.41,130.49
2956.14,36.05,130.53
2957.14,34.94,130.49
2958.15,35.65,130.53
2960,35.64,130.49
2961.01,16.79,130.27
2962.03,21.15,130.84
2963.06,35.73,131.14
2964.07,40.36,131.33
2965.07,24.56,131.71
2966.08,20.34,131.79
2967.08,22.6,131.79
2968.09,29.33,131.49
2969.12,30,130.88
2970.13,28.44,130.46
2971.13,26.21,130.3
2972.14,29.72,130.3
2973.15,28.06,129.5
2974.15,37.6,129.27
2975.16,36.05,128.97
2976.17,34.58,128.78
2977.17,32.94,128.47
2978.18,34.23,128.24
2979.18,33.25,128.05
2980.18,32.92,127.9
2981.19,33.57,127.83
2982.19,33.91,127.75
2983.2,32.94,127.67
2984.2,33.57,127.71
2985.21,32.64,127.79
2986.21,32.63,127.83
2987.22,33.93,127.9
2988.22,33.59,127.9
2989.23,34.26,128.02
2990.23,33.26,128.02
2992,30,125.92
2993.01,25.81,127.37
2994.01,28.81,127.56
2995.02,35.71,127.75
2996.02,40.77,127.86
2997.03,31.18,128.02
2998.03,30.89,128.05
2999.04,31.73,128.05
3000.04,31.73,128.09
3001.05,33.57,128.05
3002.06,33.59,127.94
3003.06,31.73,127.83
3004.06,30.91,127.63
3005.07,31.16,127.52
3006.07,32.34,127.33
3007.08,32.34,127.29
3008.08,32.02,127.22
3009.09,32.93,127.18
3010.09,32.93,127.06
3011.1,33.57,126.99
3012.1,34.58,126.91
3013.11,35.27,126.87
3014.11,35.65,126.76
3015.12,34.95,126.72
3016.12,34.58,126.68
3017.13,35.29,126.68
3018.13,34.58,126.64
3019.14,34.24,126.64
3020.14,33.91,126.68
3021.15,33.9,126.64
3024,33.88,126.64
3025.01,31.72,125.8
3026.01,37.2,126
3027.02,36.05,126.3
3028.02,36.78,126.49
3029.03,35.68,126.76
3030.03,35.66,126.95
3031.04,35.67,127.06
3032.04,35.29,127.25
3033.04,35.66,127.18
3034.05,35.67,127.06
3035.05,35.64,127.06
3036.06,36.03,127.02
3037.06,36.02,126.99
3038.07,35.67,126.91
3039.07,35.65,126.76
3040.08,36.42,126.76
3041.08,36.39,126.68
3042.09,36.02,126.64
3043.09,35.61,126.72
3044.1,35.28,126.72
3045.1,33.92,126.64
3046.11,33.58,126.64
3047.11,33.95,126.61
3048.12,34.23,126.61
3049.12,34.53,126.61
3050.13,34.59,126.57
3051.13,34.94,126.53
3052.14,34.92,126.49
3053.14,35.28,126.49
3054.15,34.92,126.41
3055.15,34.57,126.45
3056.16,36.78,125.04
3057.16,37.19,125.27
3058.17,36.05,125.58
3059.17,33.22,125.84
3060.18,32.95,126.15
3061.18,34.92,126.38
3062.19,34.92,126.53
3063.19,38.41,126.72
3064.2,37.18,126.8
3065.2,37.15,126.72
3066.21,36.77,126.83
3067.21,36.4,126.83
3068.22,34.71,126.91
3069.22,33.9,126.95
3070.23,34.24,127.06
3071.23,34.23,127.02
3072.24,31.8,126.95
3073.24,30.86,126.8
3074.25,32.64,126.68
3075.25,32.02,126.61
3076.26,33.57,126.53
3077.26,34.93,126.53
3078.26,35.28,126.45
3079.27,34.93,126.41
3080.27,36.41,126.38
3081.28,36.04,126.34
3082.28,35.63,126.3
3083.29,36.77,126.34
3084.29,30.35,126.34
3085.3,27.67,126.38
3086.3,28.13,126.34
3087.31,34.29,125.5
3088.32,35.29,125.69
3089.32,32.57,125.88
3090.33,33.51,126.11
3091.33,35.65,126.26
3092.33,35.67,126.34
3093.34,35.67,126.41
3094.34,34.23,126.53
3095.35,33.91,126.61
3096.35,32.62,126.57
3097.36,31.73,126.64
3098.36,31.72,126.57
3099.37,34.95,126.57
3100.37,33.59,126.45
3101.38,33.58,126.45
3102.38,32.33,126.41
3103.39,31.73,126.45
3104.39,32.6,126.45
3105.4,32.63,126.45
3106.4,32.32,126.41
3107.41,31.44,126.45
3108.41,31.74,126.38
3109.42,31.13,126.38
3110.42,33.24,126.41
3111.43,31.43,126.41
3112.43,31.44,126.57
3113.44,34.93,126.95
3114.44,34.95,126.87
3115.45,33.24,126.99
3116.45,32.91,127.02
3119,32.92,127.02
3119,32.92,127.02
3120.01,30.49,126.22
3121.01,37.99,126.26
3122.02,32.6,126.38
3123.02,34.24,126.41
3124.02,36.37,126.49
3125.03,35.64,126.57
3126.03,36.39,126.64
3127.04,35.65,126.64
3128.04,36.41,126.64
3129.05,35.29,126.68
3130.05,36.4,126.61
3131.06,35.62,126.64
3132.06,35.67,126.57
3133.07,36.01,126.61
3134.07,36.03,126.61
3135.08,36.39,126.68
3136.08,36.37,126.72
3137.09,35.65,126.72
3138.09,35.7,126.8
3139.1,36.05,126.87
3140.1,35.67,126.99
3141.11,35.3,127.18
3142.11,35.3,127.37
3143.12,37.6,127.44
3144.12,36.78,127.56
3145.13,36.02,127.75
3146.13,35.68,127.75
3147.14,36.03,127.71
3148.14,35.64,127.71
3149.15,33.26,127.67
3150.15,33.26,127.56
3151.16,37.98,126.41
3152.16,36.42,126.53
3153.17,36.8,126.72
3154.17,36.41,126.87
3155.18,36.8,127.06
3156.18,37.1,127.18
3157.19,36.41,127.18
3158.19,35.98,127.14
3159.2,36.09,127.14
3160.2,35.69,127.1
3161.21,35.35,127.14
3162.21,36.88,127.22
3163.22,35.57,127.14
3164.22,35.3,127.18
3165.23,35.33,127.18
3166.23,35.27,127.18
3167.24,34.46,127.18
3168.24,35.29,127.22
3169.25,34.23,127.18
3170.25,34.93,127.18
3171.26,35.27,127.22
3172.26,36.05,127.18
3173.26,36.01,127.18
3174.27,35.65,127.18
3175.27,36.41,127.14
3176.28,36.04,127.1
3177.28,36.43,127.14
3178.29,37.19,127.1
3179.29,39.28,127.14
3180.3,38.84,127.14
3182,40,127.18
3183.01,46.76,126.53
3184.01,11.93,128.66
3185.02,27.65,128.59
3186.02,32.05,128.89
3187.03,16.71,129.54
3188.03,18.29,129.46
3189.04,17.04,128.85
3190.04,19.76,128.97
3191.05,23.37,128.7
3192.05,36.05,128.55
3193.06,43.78,128.47
3194.06,39.33,128.4
3195.07,45.52,128.24
3196.07,48.76,128.09
3197.08,37.99,128.09
3198.08,43.24,128.21
3199.09,46.77,128.24
3200.09,45.52,128.24
3201.1,37.2,128.32
3202.1,37.59,128.28
3203.11,33.6,128.24
3204.11,32.32,128.13
3205.12,42.07,128.05
3206.12,38.04,128.02
3207.13,29.82,128.09
3208.13,32.7,127.67
3209.14,31.44,127.41
3210.14,39.77,127.25
3211.15,36.8,127.06
3212.15,36.05,126.95
3213.16,32.04,126.83
3214.16,10.55,127.79
3215.17,15.18,127.94
3216.17,37.64,127.83
3217.18,28.81,127.94
3218.18,41.18,127.86
3219.19,33.93,127.67
3220.19,34.95,127.44
3221.2,36.03,127.18
3222.2,36.83,126.95
3223.21,37.11,126.8
3224.21,36.02,126.68
3225.22,36.02,126.68
3226.22,36.4,126.64
3227.23,36.4,126.64
3228.23,36.06,126.68
3229.24,37.55,126.83
3230.24,38.45,126.87
3231.25,39.26,126.95
3232.25,39.31,126.95
3233.26,38.87,126.99
3234.26,36.81,127.02
3235.27,35.31,128.09
3236.27,29.33,128.47
3237.28,32.93,128.78
3238.28,38.81,128.55
3239.29,39.29,128.44
3240.29,36.02,128.4
3241.32,36,125.54
3242.32,27.9,125.8
3243.33,33.58,126
3246,30,126.8
3249.73,29,127.65
3250.73,20.57,164.27
3251.74,16.76,159.74
3252.74,16.15,155.28
3253.75,13.02,145.1
3254.75,20.21,141.82
3255.76,15.1,138.54
3256.76,18.89,137.36
3257.77,17.04,136.48
3258.77,16.54,135.79
3259.77,18.98,135.49
3260.78,18.3,135.34
3261.79,16.62,134.73
3262.79,35.32,134.46
3263.8,30.34,134.15
3264.8,33.6,133.93
3265.81,32.91,133.77
3266.81,32.34,133.58
3267.82,31.43,133.35
3268.82,30.62,133.24
3269.83,31.14,133.09
3270.83,31.7,133.16
3271.84,32.61,133.35
3272.84,33.17,133.81
3273.85,32.02,133.58
3274.85,32.61,133.43
3275.86,32.61,133.39
3276.86,32.34,133.35
3277.87,32.6,133.32
3278.87,31.74,133.32
3279.87,31.72,133.32
3280.88,27.01,135.68
3281.88,37.59,135.79
3282.89,27.65,135.87
3283.89,22.74,135.87
3284.9,27.88,135.56
3285.9,34.21,135.22
3286.91,27.87,134.95
3287.91,31.17,134.69
3288.92,36.84,133.96
3289.92,44.36,133.77
3290.93,44.93,133.54
3291.93,44.33,133.47
3292.94,35.69,133.28
3293.94,35.27,133.09
3294.95,35.28,133.01
3295.95,34.56,132.86
3296.96,34.58,132.9
3297.96,33.56,132.97
3298.97,33.89,133.01
3299.97,35.28,133.05
3300.98,37.89,133.05
3301.98,36.8,133.01
3302.99,36.96,133.01
3303.99,36.81,133.05
3305,35.65,133.05
3306,35.64,133.09
3307.01,36.04,133.2
3308.1,23,135.07
3309.11,23.37,135.83
3310.11,22.6,135.41
3311.12,17.74,134.84
3312.12,23.05,134.95
3313.13,21.74,134.95
3314.13,17.3,134.65
3315.13,19.87,134.46
3316.14,25.08,134.42
3317.14,26.59,134.88
3318.15,28.57,135.53
3319.15,24.71,135.56
3320.16,28.12,135.3
3321.16,27.91,134
3322.17,36.05,133.81
3323.17,34.9,133.47
3324.18,33.9,133.28
3325.18,34.23,133.01
3326.19,35.27,132.74
3327.19,35.28,132.55
3328.2,35.3,132.48
3329.2,35.23,132.4
3330.21,36.02,132.32
3331.21,36.02,132.32
3332.22,35.28,132.32
3333.22,33.92,132.29
3334.23,33.58,132.4
3335.23,34.9,132.67
3336.24,34.94,132.9
3337.24,35.3,133.28
3338.25,36.82,133.54
3340.5,37.16,133.62
3341.51,24.16,135.03
3342.51,18.49,136.02
3343.52,24.53,135.91
3344.52,19.65,135.26
3345.52,22.16,135.3
3346.53,21.89,134.92
3347.53,24.19,134.61
3348.54,21.75,134.5
3349.54,31.44,134.42
3350.55,36.84,134.5
3351.55,35.64,134.46
3352.56,31.46,133.77
3353.56,36.8,133.54
3354.57,35.31,133.47
3355.57,35.65,133.16
3356.58,35.66,132.93
3357.58,35.28,132.82
3358.59,34.23,132.74
3359.59,34.57,132.59
3360.6,33.27,132.48
3361.6,34.93,132.51
3362.61,36.03,132.48
3363.61,36.4,132.36
3364.62,35.64,132.36
3365.62,34.59,132.36
3366.63,34.59,132.63
3367.63,33.59,132.67
3368.64,34.94,132.82
3369.64,32.91,132.9
3370.65,32.95,132.86
3372.3,32.61,132.93
3373.31,30.65,135.34
3374.31,28.83,136.17
3375.32,27.89,136.25
3376.32,31.72,136.33
3377.33,35.63,135.76
3378.33,34.95,135.45
3379.34,24.03,134.84
3380.34,22.45,134.31
3381.35,23.06,133.85
3382.35,24.7,133.81
3383.35,22.68,133.81
3384.36,21.09,133.81
3385.37,33.55,133.2
3386.39,23.72,132.78
3387.4,28.1,132.51
3388.4,32.65,132.36
3389.41,30.88,132.21
3390.41,30.07,132.17
3391.42,30.09,132.06
3392.42,30.36,131.9
3393.43,29.84,132.02
3394.43,29.26,131.9
3395.44,30.32,131.83
3396.44,32.62,131.87
3397.45,34.93,131.98
3398.45,34.59,132.02
3399.46,34.22,132.1
3400.46,33.89,132.13
3401.47,32.62,132.13
3402.47,32.31,132.29
3403.9,30,132.25
3404.91,29.13,133.66
3405.91,33.93,134.27
3406.92,31.46,134.76
3407.92,27.02,135.07
3408.92,30.1,134.88
3409.93,35.66,134.69
3410.93,34.61,133.32
3411.94,32.93,132.97
3412.94,33.59,132.48
3413.95,34.57,132.02
3414.95,34.59,131.71
3415.96,34.25,131.49
3416.96,32.62,131.49
3417.97,30.88,131.6
3418.97,31.44,131.6
3419.98,32.93,131.64
3420.98,33.57,131.68
3421.99,33.58,131.71
3422.99,34.25,131.68
3424,32.04,131.79
3425,33.25,131.79
3426.01,35.68,131.83
3427.01,36.02,131.9
3428.02,34.59,131.87
3429.02,36.76,131.9
3430.03,36.02,131.9
3431.03,36.81,131.94
3432.04,32.94,131.94
3433.04,31.17,131.98
3434.05,27.9,132.25
3435.05,27.23,132.25
3436.06,37.23,131.83
3437.06,39.29,132.74
3438.07,40.25,133.35
3439.07,30.61,133.7
3440.08,34.24,133.93
3441.08,34.87,133.96
3441.08,34.87,133.96
3442.09,25.68,133.39
3443.09,28.32,133.7
3444.1,29.07,132.93
3445.1,26.32,132.97
3446.11,34.93,132.97
3447.11,33.23,133.01
3448.12,32.95,133.01
3449.12,33.24,132.86
3450.13,34.92,132.86
3451.13,38.41,132.86
3452.14,35.66,132.59
3453.14,32.95,132.44
3454.14,33.54,132.4
3455.15,32.62,132.4
3456.15,31.09,132.51
3457.16,27.24,132.55
3458.16,26.22,132.59
3459.17,28.65,132.59
3460.17,30.34,132.74
3461.18,29.3,132.82
3462.18,29.49,132.86
3463.19,32.62,132.97
3464.19,34.27,132.93
3466.8,33.9,132.9
3467.81,35.58,132.67
3468.81,40.18,133.58
3469.82,39.32,134.19
3470.82,35.61,134.73
3471.83,24.87,134.69
3472.83,34.6,134.38
3473.84,33.56,134.88
3474.84,31.43,134.73
3475.85,31.69,133.85
3476.85,32.01,133.51
3477.85,31.42,133.16
3478.86,30.83,133.09
3479.86,28.1,133.2
3480.87,26.59,133.24
3481.87,28.57,133.28
3482.88,33.87,133.24
3483.88,33.9,133.32
3484.89,32.6,133.09
3485.89,31.66,133.16
3486.9,32.3,133.2
3487.9,31.45,133.09
3488.91,32.01,133.09
3489.91,32.01,133.12
3490.92,31.73,133.09
3491.92,32.6,133.47
3492.93,32.62,133.16
3493.93,32.91,133.16
3494.94,32.35,133.01
3495.94,32.78,133.01
3496.95,33.93,132.93
3497.95,33.93,132.9
3499,33.29,132.9
3500.01,29.11,132.25
3501.01,33.92,132.32
3502.02,34.6,132.93
3503.02,34.23,133.24
3504.03,33.94,133.62
3505.03,34.26,133.7
3506.04,32.62,133.89
3507.04,25.83,133.93
3508.05,29.82,134.42
3509.05,23.92,134.8
3510.05,29.08,134.31
3511.06,29,134.19
3512.06,26.15,133.7
3513.07,25.76,133.35
3514.07,31.75,133.35
3515.08,32.98,133.51
3516.08,35.32,133.66
3517.09,36.02,133.58
3518.09,36.38,133.62
3519.1,35.71,133.58
3520.1,35.7,133.66
3521.11,36.42,133.7
3522.11,37.62,133.73
3523.12,38.45,133.66
3524.12,38.85,133.54
3525.13,39.32,133.39
3526.13,39.29,133.32
3527.14,38.46,133.28
3528.14,39.36,133.28
3529.15,36.78,133.32
3530.15,34.22,133.32
3531.16,26.43,133.54
3532.16,28.81,133.85
3533.17,30.62,133.96
3534.17,34.94,133.96
3535.18,35.26,134.04
3536.18,33.92,134.04
3537.19,32.31,134.19
3538.19,33.92,134.23
3539.2,35.66,134.12
3540.2,35.3,133.89
3541.21,34.58,133.62
3542.21,34.95,133.39
3543.22,34.57,133.24
3544.22,34.22,133.16
3545.23,35.64,133.24
3546.23,36.77,133.24
3547.23,35.63,133.28
3548.24,36.8,133.28
3549.24,38.05,133.2
3550.25,37.16,133.32
3551.25,36.79,133.28
3552.26,37.19,133.35
3553.26,36.4,133.39
3554.27,36.75,133.47
3555.27,38.07,133.43
3556.28,38.41,133.51
3557.28,38.46,133.51
3558.29,38.87,133.51
3559.29,38.42,133.54
3560.3,38.41,133.58
3561.3,38.44,133.58
3562.31,39.77,132.36
3563.31,40.69,132.63
3564.32,39.25,132.82
3565.32,24.87,133.2
3566.33,34.93,133.39
3567.33,27.65,133.66
3568.34,25.81,133.81
3569.34,20.43,133.89
3570.35,24.45,134.08
3571.35,30.34,134.15
3572.36,28.37,134.12
3573.36,27.01,134.27
3574.37,25.8,134.34
3575.37,24.51,134.38
3576.38,30.31,134.38
3577.38,25.96,134.34
3578.39,26.2,134.27
3579.39,27.87,134.15
3580.4,33.57,134.15
3581.4,31.43,134.15
3582.41,27.89,134.19
3583.41,25.19,134.23
3584.42,28.59,134.19
3585.42,25.81,134.15
3586.43,25.98,134.12
3587.43,24.35,134.12
3588.44,28.08,134.15
3589.44,28.58,134.19
3590.45,22.45,134.27
3591.45,29.55,134.31
3592.46,33.9,134.38
3594,40,134.38
3595.01,44.37,133.32
3596.01,26.39,133.7
3597.02,29.06,134
3598.02,29.31,134.27
3599.02,29.17,134.38
3600.03,33.56,134.46
3601.04,34.31,134.57
3602.04,33.93,134.57
3603.05,33.89,134.65
3604.05,33.57,134.73
3605.05,28.31,134.8
3606.06,28.12,134.76
3607.06,30.6,134.73
3608.07,28.8,134.65
3609.07,31.72,134.69
3610.08,19.54,134.61
3611.08,21.59,134.76
3612.09,15.73,134.61
3613.09,14.78,134.46
3614.1,13.15,134.57
3615.1,12.27,134.84
3616.11,9.71,135.03
3617.11,9.63,135.18
3618.12,10.17,135.15
3619.12,12.04,135.18
3620.13,19.54,135.15
3621.13,21.87,135.26
3622.14,21.35,135.3
3623.14,22.42,135.37
3624.15,20.84,135.41
3625.15,21.09,135.41
3625.15,21.09,135.41
3626.16,9.9,135.3
3627.16,30.6,135.6
3628.17,43.79,135.79
3629.17,38.44,135.98
3630.18,34.59,135.98
3631.18,25.06,135.98
3632.19,31.16,136.02
3633.19,34.24,136.14
3634.2,37.62,136.21
3635.2,27.9,136.1
3636.21,30.09,135.87
3637.21,30.89,135.68
3638.22,28.12,135.49
3639.22,30.32,135.56
3640.23,28.57,135.56
3641.23,27.67,135.53
3642.24,28.35,135.64
3643.24,32.55,135.72
3644.25,33.57,135.76
3645.25,27.23,135.87
3646.26,30.61,135.95
3647.26,36.06,135.98
3648.27,27.9,136.06
3649.27,30.59,136.1
3650.28,29.32,136.14
3651.28,24.53,136.17
3652.29,30.62,136.25
3653.29,32.01,136.29
3654.3,28.08,136.25
3655.3,29.06,136.29
3656.31,31.44,136.29
3657.31,34.58,134.99
3658.32,51.59,135.26
3659.32,29.59,135.6
3660.32,38.86,135.83
3661.33,35.3,136.06
3662.33,36.42,136.37
3663.34,36.8,136.59
3664.34,38.01,136.71
3665.35,37.6,136.82
3666.35,38.02,137.01
3667.36,39.78,137.09
3668.36,41.18,137.2
3669.37,39.31,137.2
3670.37,38.72,137.2
3671.38,38.85,137.28
3672.38,37.99,137.28
3673.39,38.87,137.39
3674.39,39.3,137.43
3675.4,38.86,137.43
3676.4,39.31,137.43
3677.41,41.15,137.47
3678.41,38.86,137.39
3679.42,31.99,137.43
3680.42,32.03,137.43
3681.43,34.23,137.43
3682.43,33.58,137.39
3683.44,33.6,137.43
3684.44,34.23,137.39
3685.45,33.91,137.43
3686.45,34.54,137.36
3687.46,32.94,137.43
3688.46,32.31,137.2
3689.47,38.03,135.56
3690.47,29.58,135.95
3691.48,38.87,90.31
3692.48,49.45,77.61
3693.49,19.22,86.27
3694.49,37.21,88.67
3695.5,26.61,85.24
3696.5,26.18,98.05
3697.55,40.82,105.52
3698.56,38.05,128.02
3699.56,41.67,130.19
3700.57,31.18,131.37
3701.57,30.56,132.97
3702.58,34.25,134.08
3703.58,32.02,134.88
3704.59,32.01,135.72
3705.59,34.18,136.25
3706.6,33.15,136.86
3707.6,32.34,136.67
3708.61,34.63,134.38
3709.61,36.02,134.69
3710.62,34.58,134.27
3711.62,33.26,133.43
3712.63,35.29,131.14
3713.63,35.32,130.95
3714.64,35.97,132.25
3715.64,33.95,133.93
3716.65,32.33,137.28
3717.65,33.27,138.27
3718.66,31.18,138.73
3719.66,33.61,139.07
3721,30,139.26
3722.01,36.06,136.1
3723.01,41.1,136.29
3724.02,41.18,136.67
3725.02,39.33,137.28
3726.03,37.19,137.7
3727.03,39.32,137.97
3728.04,39.73,138.16
3729.04,37.59,138.46
3730.05,36.02,138.69
3731.05,36.02,138.96
3732.06,36.41,139.26
3733.06,36.01,139.49
3734.07,34.57,139.68
3735.07,38.01,139.64
3736.07,36.42,139.57
3737.08,37.61,139.42
3738.08,35.2,139.68
3739.09,34.58,140.29
3740.09,36.05,140.1
3741.1,37.2,139.95
3742.1,39.76,139.91
3743.11,65.31,139.91
3744.11,36.46,139.99
3745.12,69.29,139.99
3746.13,47.42,140.03
3747.13,48.73,140.71
3748.14,45.52,141.36
3749.14,44.92,141.4
3750.15,45.44,141.09
3751.15,43.78,140.98
3752.16,45,140.79
3753.16,45.5,137.47
3754.17,42.74,137.74
3755.17,15.79,137.59
3756.18,7.42,137.59
3757.18,8.63,137.85
3758.19,12.62,137.74
3759.19,10.98,138.77
3760.19,9.53,136.94
3761.2,16.46,136.29
3762.2,18.71,135.95
3763.21,19.88,135.45
3764.21,23.7,135.07
3765.22,20.22,134.76
3766.22,21.22,85.77
3767.23,22.02,83.14
3768.23,13.95,82.19
3769.24,22.64,82.27
3770.24,18.2,80.78
3771.25,20.57,80.55
3772.25,20.44,80.82
3773.26,29.39,80.89
3774.26,33.4,81.92
3775.27,36.2,84.32
3776.27,34.36,76.47
3777.28,24.89,113.95
3778.28,33.03,114.67
3779.29,39.08,116.27
3780.29,44,117.42
3781.3,33.37,118.45
3782.3,31.51,118.83
3783.31,36.16,119.7
3784.31,34.94,117.61
3785.32,28.62,121.95
3786.32,39.54,122.64
3787.33,23.23,123.4
3788.33,13.79,123.67
3789.34,21.18,120.43
3790.34,32.12,119.51
3791.35,27.05,124.89
3792.35,30.15,129.27
3793.36,28.89,128.09
3794.36,29.87,126.41
3795.37,30.13,125.69
3796.37,30.16,125.5
3797.38,29.61,125.19
3798.38,31.78,125.16
3799.39,34.01,125.04
3800.39,30.4,124.93
3801.39,32.12,124.62
3802.4,30.12,124.43
3803.4,26.84,124.17
3804.41,27.4,124.01
3805.41,25.82,123.9
3806.42,29.84,124.24
3807.42,28.56,128.21
3808.43,40.67,129.69
3809.43,46.77,129.62
3810.44,39.77,108.95
3811.44,37.59,75.98
3812.45,53.19,74.56
3813.45,26.21,77.54
3814.46,15.18,78.72
3816.8,12.89,82.11
3817.81,18.9,103.5
3818.81,26.6,83.98
3819.82,20.33,80.4
3821,21.61,77.31
3822,20,122.67
3824,20,122.37
3825.01,18.59,123.1
3826.01,17.82,123.44
3827.02,17.73,123.17
3828.02,13.93,122.68
3829.02,18.1,122.34
3830.03,14.05,122.07
3831.03,15.16,121.76
3832.04,15.15,121.65
3833.04,23.19,121.61
3834.05,13.14,121.8
3835.05,18.49,121.99
3836.06,16.15,121.95
3837.06,9.11,122.07
3838.07,9.87,123.06
3839.07,12.62,124.01
3840.08,15.1,124.81
3841.08,15.93,125.42
3842.09,21.08,125.77
3843.09,10.74,126.41
3844.1,12.4,126.91
3845.1,10.18,127.63
3846.11,13.79,128.09
3847.11,17.62,128.36
3848.12,16.48,128.7
3849.12,20.11,129.12
3850.13,21.63,129.27
3851.17,24.47,123.71
3852.17,16.15,125.77
3853.18,11.57,127.67
3854.18,10.62,128.32
3855.19,12.91,128.59
3856.19,16.02,128.63
3857.2,18.3,128.89
3858.2,21.74,129.01
3859.2,15.17,129.08
3860.21,15.58,129.43
3861.21,13.62,130
3862.22,16.31,130.68
3863.22,21.22,131.14
3864.23,21.88,131.68
3865.23,21.77,132.32
3866.24,22.9,132.9
3867.24,21.1,133.62
3868.25,22.44,134.15
3869.25,22.32,134.69
3870.26,23.2,135.3
3871.26,20.71,135.72
3872.27,19.1,136.1
3873.27,21.89,136.48
3874.28,17.73,136.9
3875.28,20.96,137.32
3876.29,21.61,137.78
3877.29,19.12,137.97
3878.3,21.63,138.08
3879.3,21.62,138.16
3880.31,24.02,138.46
3881.31,34.93,138.61
3882.32,23.05,138.88
3883.32,16.41,132.51
3884.33,9.01,134.99
3885.33,23.69,135.37
3886.34,21.76,135.91
3887.34,26.21,136.4
3888.35,26.61,136.59
3889.35,38.88,136.59
3890.36,29.08,136.4
3891.36,23.82,135.76
3892.37,23.56,135.53
3893.37,22.76,135.15
3894.38,24.73,134.95
3895.38,25.06,134.8
3896.39,25.98,134.95
3897.39,22.04,134.76
3898.4,25.83,134.73
3899.4,23.22,134.31
3900.41,18.21,133.09
3901.41,24.19,132.71
3902.42,26.2,132.55
3903.42,28.11,132.36
3904.43,23.58,131.98
3905.43,23.74,131.75
3906.44,26.67,131.49
3907.44,26.94,131.18
3908.44,23.36,130.65
3909.45,30.86,130.91
3910.45,29.07,129.85
3915.02,26.81,129.81
3916.09,45.45,118.94
3917.1,27.08,114.44
3918.1,22.59,109.79
3919.11,11.41,103.23
3920.11,10.48,96.41
3921.12,8.89,88.33
3922.12,16.24,86.57
3923.13,10.35,84.67
3924.13,10.84,82.95
3925.14,10.48,81.08
3926.14,11.04,79.86
3927.15,10.23,78.57
3928.15,10.35,76.97
3929.15,10.81,77.23
3930.16,9.34,77.39
3931.16,13.05,77.16
3932.17,14.53,76.81
3933.17,15.04,76.32
3934.18,13.2,76.47
3935.18,12.77,76.51
3936.19,16.55,76.62
3937.19,22.75,76.81
3938.2,20.83,76.78
3939.2,21.61,76.66
3940.21,21.08,76.59
3941.21,19.33,76.62
3942.22,20.22,76.2
3943.22,14.84,75.82
3944.23,12.71,75.52
3945.23,10.68,74.6
3946.24,12.3,73.95
3947.24,7.44,73.8
3948.35,15.04,73.95
3949.36,14.53,73.61
3950.36,8.93,72.77
3951.37,7.6,71.93
3952.37,8.55,71.17
3953.38,9.07,70.56
3954.38,17.23,70.33
3955.39,16.59,70.26
3956.39,15.4,70.49
3957.4,22.53,70.79
3958.4,48.16,70.94
3959.41,5.92,71.97
3960.41,13.27,72.32
3961.42,9.81,72.73
3962.42,9.9,73.38
3963.43,11.86,73.92
3964.43,11.83,74.45
3965.44,14.25,75.21
3966.44,12.69,76.05
3967.45,13.53,77.46
3968.45,12.32,80.13
3969.46,12.79,83.26
3970.46,17.58,85.16
3971.47,16.03,86.92
3972.47,11.39,88.82
3973.48,11.82,89.7
3974.48,18.12,90.62
3975.49,17.58,91.61
3976.49,19.13,92.45
3977.5,16.4,93.21
3978.5,17.14,94.08
3979.51,14.61,95.04
3980.51,38.32,96.14
3981.51,28.35,96.26
3982.52,19.21,96.87
3983.52,21.61,97.4
3984.53,20.22,97.4
3984.53,20.22,97.4
3985.53,23.54,97.44
3986.54,25.25,97.71
3987.54,16.08,97.94
3988.55,17.64,98.01
3989.55,15.45,97.97
3990.56,18.92,97.86
3991.56,16.16,98.09
3992.57,19,98.35
3993.57,30.87,98.39
3994.58,25.25,98.32
3995.58,25.43,98.13
3996.59,22.3,98.01
3997.59,23.86,98.05
3998.6,17.13,97.94
3999.6,22.91,97.94
4000.61,17.13,97.78
4001.61,20.22,97.78
4002.62,22.74,97.86
4003.62,21.76,97.97
4004.63,25.81,98.2
4005.63,24.7,98.28
4006.64,24.02,98.43
4007.64,23.52,98.47
4010,23.2,98.47
4011.01,16.08,94.5
4012.02,19.65,95.42
4013.02,20.73,95.8
4014.03,22.6,96.11
4015.03,43.71,96.3
4016.04,29.1,96.64
4017.04,20.7,96.6
4018.05,17.83,96.52
4019.05,18.21,96.56
4020.06,18.49,96.87
4021.06,21.09,96.98
4022.07,21.74,97.13
4023.07,20.23,97.33
4024.08,18.49,97.13
4025.08,17.55,96.75
4026.09,18.3,96.79
4027.09,17.83,96.64
4028.1,17.73,96.3
4029.1,18.99,96.22
4030.11,20.03,96.49
4031.11,21.08,96.83
4032.12,18.58,96.94
4033.12,18,97.02
4034.13,17.91,97.13
4035.13,16.46,97.44
4036.14,19.21,95.06
4037.14,27.89,95.58
4038.15,23.22,96.99
4039.15,22.6,96.48
4040.16,22.89,96.62
4041.16,26.4,96.62
4042.17,25.43,96.57
4043.18,22.04,95.82
4044.19,17.12,96.42
4045.19,22.45,96.81
4046.2,16.79,95.16
4047.2,11.41,95.99
4048.21,19.8,98.05
4049.22,11.92,98.93
4050.22,13.3,98.74
4051.23,13.72,98.55
4052.23,14.35,97.9
4053.24,17.91,97.44
4054.24,15.37,96.83
4055.24,14.35,95.99
4056.25,13.61,95.57
4057.25,13.3,95.23
4058.26,13.46,95
4059.26,14.65,94.92
4060.27,16.23,95.23
4061.27,19.77,95.53
4062.28,14.84,95.84
4063.28,17.03,96.33
4064.29,12.53,97.02
4065.29,23.39,97.4
4066.3,32.73,97.86
4067.3,18.4,98.43
4068.31,14.6,98.74
4069.31,14.31,98.7
4070.32,15.78,98.47
4071.32,9.24,98.2
4072.33,11.56,98.16
4073.33,24.35,94.81
4074.34,19.76,95.42
4075.34,13.89,95.42
4076.35,16.31,95.69
4077.35,15.38,95.72
4078.36,11.93,95.53
4079.36,10.55,95.65
4080.37,14.84,95.65
4081.37,16.7,95.69
4082.38,25.05,95.84
4083.38,20.58,95.72
4084.39,33.92,95.65
4085.39,25.45,95.61
4086.4,18.5,95.42
4087.4,17.65,95.34
4088.41,19.64,95.42
4089.41,17.72,95.53
4090.42,15.16,95.38
4091.42,16.29,95.95
4092.43,16.61,96.64
4093.43,15.37,97.48
4094.44,11.15,97.97
4095.44,11.81,98.93
4096.44,18.5,99.16
4097.45,16.79,99.23
4098.45,17.21,99.46
4099.46,24.52,99.57
4100.46,19.76,99.73
4101.47,11.88,99.54
4102.47,13.61,99.61
4103.48,14.23,99.65
4104.48,12.77,99.69
4104.48,12.77,99.69
4105.49,14.85,98.7
4106.49,12.17,99.5
4107.5,27.65,99.76
4108.5,9.58,99.96
4109.51,15.17,100.15
4110.51,11.49,100.15
4111.52,11.01,100.57
4112.52,12.09,100.76
4113.53,15.03,100.83
4114.53,17.92,100.68
4115.54,13.56,100.53
4116.54,13.05,100.79
4117.55,13.46,100.57
4118.55,13.16,100.34
4119.56,12.9,100.68
4120.56,15.8,100.64
4121.57,14.59,101.02
4122.57,18.11,101.1
4123.58,13.62,100.76
4124.58,11.93,100.38
4125.59,16.39,99.99
4126.59,14.72,99.5
4127.6,13.3,99.16
4128.6,11.84,98.81
4129.61,14.35,98.2
4130.61,13.35,98.01
4131.62,18.39,97.67
4132.62,14.59,97.33
4133.63,11.19,97.13
4134.63,10.02,96.91
4135.64,16.08,96.68
4136.64,16.63,96.45
4137.65,13.41,95.27
4138.65,14.53,95.99
4139.65,12.76,96.72
4140.66,13.46,97.59
4141.66,14.53,98.2
4142.67,16.78,98.47
4143.67,28.13,98.24
4144.68,22.74,98.2
4145.68,15.94,97.71
4146.69,13.72,97.48
4147.69,13.84,96.94
4148.7,14.85,96.56
4149.7,11.8,95.8
4150.71,12.4,94.96
4151.71,12.76,94.08
4152.72,14.11,93.28
4153.72,14.48,92.83
4154.73,15.1,92.33
4155.74,14.66,91.91
4156.74,24,92.03
4157.75,25.76,91.95
4158.75,33.57,91.8
4159.76,19.09,91.64
4160.76,18.89,91.19
4161.77,18.9,90.62
4162.77,16.75,90.77
4163.78,20.33,90.73
4164.78,20.11,90.73
4165.79,16.96,90.42
4166.79,18.39,90.77
4167.8,15.64,91.15
4168.8,21.61,91.87
4169.81,13.99,91.61
4170.82,22.35,91.87
4171.82,20.96,92.25
4172.83,13.52,92.67
4173.83,13.14,92.98
4174.84,14.24,92.83
4175.84,20.47,92.6
4176.85,29.81,92.64
4177.85,26.61,92.71
4178.86,29.31,92.45
4179.86,27.65,92.29
4180.87,19.53,92.33
4181.87,15.71,92.33
4182.88,18.69,92.14
4183.88,16.51,92.06
4184.89,12.26,92.03
4185.89,13.19,92.06
4186.9,12.71,91.84
4187.9,13.67,92.18
4188.91,14.59,91.95
4189.91,14.97,92.06
4190.92,15.04,92.48
4191.92,13.35,92.94
4192.93,13.35,93.28
4193.93,16.11,93.82
4194.94,16.26,94.12
4195.94,15.75,94.47
4196.95,14.2,94.81
4197.95,12.51,95.08
4198.96,16.9,95.3
4200,13.53,78.34
4201.97,9.68,92.25
4202.98,8.78,96.45
4203.98,10.3,98.05
4204.99,7.22,101.25
4205.99,10.64,103.92
4207,21.11,104.95
4208,26.05,105.22
4209.01,10.05,106.89
4210.01,8.69,108.57
4211.02,10.33,109.33
4212.02,12.43,108.95
4213.02,10.54,108.69
4214.03,10.48,107.96
4215.03,10.51,108.11
4216.04,11.85,108.95
4217.04,11.84,110.1
4218.05,9,111.85
4219.05,11.23,112.65
4220.06,15.51,112.77
4221.06,14.53,112.84
4222.07,13.61,112.54
4223.07,15.58,111.58
4224.08,22.46,111.62
4225.08,18.11,111.81
4226.09,17.21,111.58
4227.09,14.41,111.39
4228.1,14.65,111.32
4229.1,12.3,111.55
4230.11,16.31,111.62
4231.11,19.64,111.77
4232.12,17.74,105.67
4233.12,16.95,108.42
4234.13,29.2,110.44
4235.13,21.39,112.12
4236.14,11.69,113.68
4237.14,12.76,115.02
4238.15,10.7,115.82
4239.15,11.92,115.66
4240.16,12.91,115.4
4241.16,12.05,114.94
4242.17,13.15,114.9
4243.17,13.72,114.6
4244.18,13.25,114.14
4245.18,13.3,113.95
4246.19,15.72,113.6
4247.19,18.09,113.26
4248.2,13.66,113.8
4249.2,16.95,114.86
4250.21,21.08,115.43
4251.21,19.75,115.78
4252.22,17.91,115.82
4253.22,19,115.97
4254.23,12.04,115.43
4255.23,11.39,114.9
4256.23,12.25,115.17
4257.24,12.81,115.21
4258.24,13.95,115.4
4259.25,12.39,115.4
4260.25,14.78,114.6
4261.26,16.08,114.44
4262.26,15.94,114.48
4263.27,22.75,114.48
4264.27,25.45,92.86
4265.28,25.61,95.69
4266.28,24.35,100.03
4267.29,22.75,102.89
4268.29,22.45,105.1
4269.3,32.62,106.55
4270.3,21.08,107.96
4271.31,11.45,107.62
4272.31,11.8,110.29
4273.32,13.2,111.66
4274.32,14.22,111.89
4275.33,15.67,109.07
4276.33,14.63,107.7
4277.34,15.88,106.36
4278.34,14.23,105.56
4279.35,19.21,106.25
4280.35,13.15,106.67
4280.35,13.15,106.67
4281.36,15.7,105.22
4282.36,11.97,104.45
4283.37,12.13,104.65
4284.37,17.65,102.74
4285.38,13.05,100.64
4286.39,13.83,94.16
4287.39,20.96,93.36
4288.4,25.99,93.28
4289.4,19.75,95.69
4290.41,27.01,97.48
4291.41,18.89,98.7
4292.42,17.73,96.68
4293.42,18.39,97.63
4294.43,19.75,96.52
4295.43,15.86,91.84
4296.44,18.01,89.2
4297.44,25.42,87.87
4298.45,11.52,88.21
4299.45,10.6,93.36
4300.46,10.71,97.29
4301.46,14.78,98.16
4302.47,13.67,99.27
4303.47,11.01,99.8
4304.48,10.67,100.38
4305.48,15.16,96.72
4306.49,18.29,95.04
4307.49,10.71,98.35
4308.5,11.18,100.72
4309.5,13.51,100.87
4310.5,11.41,101.86
4311.51,13.02,102.09
4312.51,13.75,102.17
4313.52,13.39,101.94
4314.52,12.47,101.86
4315.53,16.23,101.86
4316.53,14.65,101.71
4317.54,14.53,101.6
4318.54,16.46,101.02
4319.55,16,100.6
4320.56,14.53,100.18
4321.57,14.28,101.37
4322.57,23.52,99.46
4323.58,23.85,97.36
4324.58,13.45,97.36
4325.59,15.3,98.39
4326.59,15.78,99.69
4327.6,20.7,93.44
4328.6,19,91.57
4329.6,16.54,91.95
4330.61,28.8,90.81
4331.61,16.54,90.5
4332.62,12.52,88.9
4333.62,11.84,89.4
4334.63,13.2,92.03
4335.63,12.44,92.56
4336.64,13.3,92.37
4337.64,13.35,91.3
4338.65,14,89.43
4339.65,13.1,90.46
4340.66,13.1,84.17
4341.67,22.89,81.2
4342.67,13.47,83.14
4343.68,14.4,85.35
4344.68,16.54,83.91
4345.69,15.37,82.76
4346.69,16.71,82.46
4347.7,15.72,81.12
4348.7,12.82,85.2
4349.71,13.42,87.91
4350.71,14.91,90.88
4351.72,14.91,92.83
4352.72,14.26,94.12
4353.73,15.79,94.08
4354.73,20.35,92.33
4355.74,28.83,90.58
4356.74,31.17,89.78
4357.75,19.09,89.01
4358.75,16.08,68.5
4359.76,41.65,68.5
4360.76,22.2,68.85
4361.77,14.9,72.32
4362.77,13.71,76.2
4363.78,14.21,81.47
4364.78,13.1,85.09
4365.79,13.77,87.03
4366.79,13.45,89.09
4367.8,13.51,89.7
4368.8,13.05,91.53
4369.81,14.65,93.36
4370.81,15.79,94.58
4371.82,14.85,95.04
4372.82,13.89,96.75
4373.83,26.83,97.25
4374.83,17.19,98.09
4375.83,15.57,98.66
4376.84,13.78,98.81
4377.84,15.57,99.12
4378.85,15.17,99.65
4379.85,18.5,98.55
4380.86,17.37,99.23
4381.86,17.93,99.69
4382.87,22.9,99.61
4383.87,23.37,99.8
4384.88,21.9,100.07
4385.88,23.07,99
4386.89,28.13,97.52
4387.89,26.2,97.1
4388.9,30.88,97.52
4389.9,28.35,97.9
4390.91,24.19,98.2
4391.91,15.38,94.35
4392.92,16.7,95.27
4393.92,16.25,95.61
4394.93,15.57,95.53
4395.93,19.31,95.53
4396.94,18.69,95.3
4397.94,18.7,94.28
4398.95,17.46,93.86
4399.95,22.16,94.43
4400.96,15.87,95.46
4401.96,14.35,95.57
4402.97,21.74,91.8
4403.97,23.69,94.05
4404.98,11.2,95.34
4405.98,12.03,95.84
4406.99,11.68,96.18
4407.99,10.35,96.33
4409,12.63,98.24
4410,13.1,95.91
4411.01,10.16,96.3
4412.01,9.87,97.67
4413.02,13.56,98.85
4414.02,14.53,100.03
4415.02,13.56,100.18
4416.03,13.36,99.96
4417.03,22.89,99.38
4418.04,19.32,99.19
4419.04,15.17,98.74
4420.05,19,97.63
4421.05,18.69,89.51
4422.06,22.02,90.5
4423.06,14.35,94.5
4424.07,14.65,97.1
4425.07,15.11,98.05
4426.08,14.84,98.32
4427.08,13.36,97.36
4428.09,13.31,97.25
4429.09,15.24,97.02
4430.1,18.5,96.37
4431.1,20,96.07
4432.11,47.67,96.26
4433.11,18.2,96.83
4434.12,15.73,97.1
4435.12,15.72,97.48
4436.13,15.51,97.4
4437.13,19.32,95.3
4438.14,20.59,94.12
4439.14,20.82,93.47
4440.15,25.05,94.28
4441.15,27.88,94.62
4442.16,23.68,94.43
4443.16,19.53,92.83
4444.17,21.22,93.13
4445.17,16.79,93.55
4446.18,15.17,94.54
4447.18,14.46,93.51
4448.19,11.57,94.69
4449.19,12.9,94.28
4450.2,13.56,93.47
4451.2,12.31,93.7
4452.21,7.09,94.58
4453.21,13.67,95.3
4454.22,12.35,96.52
4455.22,12.7,96.18
4456.23,13.31,95.38
4457.23,13.46,77.08
4458.23,15.86,94.66
4459.24,18.29,88.52
4460.24,22.46,68.01
4461.25,39.75,65.72
4462.25,14.71,85.47
4463.26,11.19,87.56
4464.26,13.31,93.13
4465.27,11.63,94.08
4466.27,10.81,94.92
4467.28,11.45,95.11
4468.28,13.67,68.81
4469.29,12.48,90.88
4470.29,12.34,92.86
4471.3,14.9,78.91
4472.3,14.72,91.57
4473.31,15.37,91.72
4474.31,14.35,72.62
4475.32,10.41,91.95
4476.32,15.03,87.95
4477.33,13.36,81.96
4478.33,11.02,68.2
4479.34,12.18,82.8
4480.34,11.56,88.75
4481.35,11.65,89.93
4482.35,13.15,80.47
4483.36,14.97,86.8
4484.36,17.21,69.38
4485.37,19.78,72.2
4486.37,17.2,86.42
4487.38,12.95,85.96
4488.38,10.1,88.94
4489.39,13.83,90.77
4490.39,12,91.38
4491.4,36.7,87.37
4492.4,24.99,81.88
4493.41,13.45,91.42
4494.41,16.95,91.68
4495.42,16.55,91.87
4496.42,20.71,90.77
4497.43,16.23,90.69
4498.43,16.62,89.78
4499.44,19.87,89.89
4500.44,20.7,77.46
4501.44,18.29,92.83
4502.45,14.47,89.4
4503.46,15.94,90.54
4504.47,15.86,91.95
4505.47,13.01,90.81
4506.48,11.84,86.34
4507.48,12.67,87.26
4508.49,13.72,87.45
4509.49,13.61,88.14
4510.5,16.62,89.05
4511.5,18.2,85.05
4512.51,19.1,78.68
4513.51,15.94,74.95
4514.52,14.35,70.9
4515.52,14.23,74.76
4516.53,16.31,64.77
4517.53,18.1,69.87
4518.54,16.64,69.19
4519.54,16.79,70.22
4520.55,16,68.85
4521.55,15.65,69.34
4522.56,13.46,68.39
4523.56,10.2,66.94
4524.57,12.76,66.63
4525.57,16.31,65.76
4526.58,14.84,66.48
4527.58,13.72,80.59
4528.59,14.29,70.68
4529.59,15.04,74.3
4530.6,15.5,62.56
4531.6,17.91,68.5
4532.61,17.56,75.56
4533.61,16.54,60.5
4534.62,17.72,59.28
4535.62,19.31,59.35
4536.63,17.47,61.75
4537.63,16.38,80.82
4538.64,16.39,77.04
4539.64,17.03,67.7
4540.65,18.59,70.1
4541.65,18.5,79.06
4542.65,17.47,80.7
4543.66,18.69,63.51
4544.66,20.96,60.15
4545.67,17.04,61.34
4546.67,14.72,62.1
4548,15.04,61.22
4549.01,17.59,58.13
4550.01,14.71,78.19
4551.02,16.46,60.84
4552.02,17.29,58.36
4553.02,18,58.29
4554.03,18.49,58.51
4555.03,17.38,58.02
4556.04,15.94,58.32
4557.04,16.95,58.59
4558.05,26.4,59.31
4559.05,20.59,59.39
4560.06,20,60.19
4561.06,21.22,60.34
4562.07,22.03,60.69
4563.07,21.75,60.04
4564.08,21.36,60.31
4565.08,15.23,65
4566.09,41.65,59.77
4567.1,13.61,56.57
4568.1,20.22,55.85
4569.11,25.79,56.34
4570.11,43.1,56.42
4571.12,20.96,57.41
4572.12,14.77,73.15
4573.13,14.47,78.8
4574.13,15.73,76.13
4575.14,17.03,69.84
4576.14,13.35,64.12
4577.15,20.59,60.15
4578.15,17.54,60.31
4580,14.91,56.87
4581.01,18.49,57.75
4582.01,18.81,57.1
4583.02,19.33,57.64
4584.02,26.81,57.83
4585.02,41.17,58.02
4586.03,20.34,58.93
4587.03,16.8,59.81
4588.04,15.17,68.96
4589.04,15.04,78.68
4590.05,16.87,70.1
4591.05,18.28,61.79
4592.06,13.89,65.34
4593.06,14.23,60.08
4594.07,19.65,77.73
4595.07,16.39,62.75
4596.08,17.91,60.12
4597.08,16.09,57.29
4598.09,14.64,56.34
4599.1,17.11,58.86
4600.1,20.1,63.36
4601.11,17.83,63.2
4602.11,42.7,64.04
4603.12,20.34,63.36
4604.12,17.74,62.48
4605.13,19.31,60.88
4606.13,18.3,71.36
4607.14,17.73,78.19
4608.14,21.34,74.15
4609.15,19.43,62.14
4610.15,15.58,71.78
4611.16,12.67,75.06
4612.16,14.06,63.13
4613.17,14.78,57.98
4614.17,16.79,59.09
4615.18,23.05,59.62
4616.18,20.46,71.29
4617.19,38.87,58.48
4618.19,19.53,56.61
4619.2,19.54,58.4
4620.2,22.9,59.35
4621.21,19.66,57.48
4622.21,14.72,59.16
4623.22,17.03,59.85
4624.22,15.86,78.72
4625.23,17.12,71.4
4626.23,17.75,58.48
4627.24,15.43,56.49
4628.24,15.5,57.68
4629.25,18.61,57.75
4630.25,20.36,57.1
4631.26,20.93,56.65
4632.26,22.31,57.29
4633.27,19.99,57.6
4634.27,16.24,57.94
4635.28,17.55,58.82
4636.28,19.88,59.66
4637.29,17.28,70.6
4638.29,17.29,54.09
4639.29,21.75,52.53
4640.3,22.16,52.95
4641.3,24.71,54.24
4642.31,16.78,54.85
4643.31,22.62,55.35
4644.32,23.2,55.12
4645.32,24.03,58.67
4646.33,17.38,58.55
4647.33,20.34,59.62
4648.34,23.52,60.72
4649.34,40.19,60.72
4650.35,18.39,61.6
4651.35,20.71,61.18
4652.36,18.01,60.88
4653.37,20.1,62.59
4654.37,27.88,62.67
4655.38,33.56,64.46
4656.38,16.47,64.5
4657.39,14.73,65.61
4658.39,14.71,65.87
4659.4,16.91,66.18
4660.4,15.09,65.91
4661.41,21.32,67.09
4662.42,40.66,67.09
4663.42,15.44,67.63
4664.43,16.46,66.98
4665.43,15.3,67.63
4666.44,14.11,67.63
4667.44,24.17,68.12
4668.45,22.02,67.44
4669.45,24.02,68.85
4670.46,21.34,67.97
4671.47,16.62,68.05
4672.47,19.1,68.27
4673.48,21.34,67.66
4674.48,16.23,67.55
4675.49,18.69,67.78
4676.49,12.63,69.19
4677.5,16.76,68.92
4678.5,26.69,69.61
4679.51,11.81,69.07
4680.51,11.63,69.11
4681.52,12.15,69.72
4682.52,14.82,69.68
4683.53,13.48,69.87
4684.54,20.11,69.91
4685.54,17.44,69.99
4686.55,22.02,69.95
4687.55,27.04,69.91
4688.56,25.45,69.72
4689.56,24.75,69.53
4690.57,13.13,69.46
4691.57,12.45,69.42
4692.58,11.7,69.49